date,coin,price,volume,market_cap
2025-04-17 00:00:00,BNB,582.9884895445316,590793445.4085172,85049370657.6528
2025-04-18 00:00:00,BNB,590.1449424870344,523349165.51611936,86081949800.71457
2025-04-19 00:00:00,BNB,591.7558249048697,560183796.0745611,86330575658.80789
2025-04-20 00:00:00,BNB,592.1191922418601,359734262.96070373,86381923216.81198
2025-04-21 00:00:00,BNB,592.9015532596577,427574407.8731377,86496970287.17703
2025-04-22 00:00:00,BNB,596.742721454172,608725679.9225554,87021203902.98009
2025-04-23 00:00:00,BNB,617.6497009116878,924934985.74546,90107417553.42468
2025-04-24 00:00:00,BNB,606.1742820090113,1089223877.3345106,88439293572.85298
2025-04-25 00:00:00,BNB,602.1970676660677,775858994.180891,87859769311.30173
2025-04-26 00:00:00,BNB,600.1913883958081,941984394.0665632,87558071175.70674
2025-04-27 00:00:00,BNB,607.8085377229048,632964213.2153282,88667686776.55707
2025-04-28 00:00:00,BNB,603.5371460135477,548378967.0336518,88050307610.3246
2025-04-29 00:00:00,BNB,606.1285517158251,532276423.2081352,88463722939.12578
2025-04-30 00:00:00,BNB,600.5889575399475,779335060.0841132,87546780933.0503
2025-05-01 00:00:00,BNB,599.6302002732988,717769059.8961756,87499897859.30899
2025-05-02 00:00:00,BNB,599.5796914410877,586779850.2435153,87470023825.68498
2025-05-03 00:00:00,BNB,601.3244678537958,609320858.6024743,87726526469.18716
2025-05-04 00:00:00,BNB,599.2468842902798,383958586.52879804,87420518611.57309
2025-05-05 00:00:00,BNB,585.8899216562841,541509182.9932485,85450932663.94621
2025-05-06 00:00:00,BNB,597.9661578698278,712215748.698297,87237859436.31647
2025-05-07 00:00:00,BNB,603.0175211984405,821085162.8042526,87972764326.53542
2025-05-08 00:00:00,BNB,603.144369158166,717897444.1413444,87977963458.44826
2025-05-09 00:00:00,BNB,628.2798237375861,1315286906.535402,91592064513.423
2025-05-10 00:00:00,BNB,666.6606824091106,1717143713.0552378,97261112461.87195
2025-05-11 00:00:00,BNB,662.3379085253329,1549618220.9985394,96607586360.37282
2025-05-12 00:00:00,BNB,650.8664613901699,1186159482.5022006,94954778272.58717
2025-05-13 00:00:00,BNB,660.9533536861077,1968342045.487355,96431520974.64899
2025-05-14 00:00:00,BNB,666.2402578411695,1513422041.332075,97186035699.10747
2025-05-15 00:00:00,BNB,651.6490150180347,1223304236.5479276,95059799661.72646
2025-05-16 00:00:00,BNB,651.1362648113163,1206761924.2527664,94940045438.48773
2025-05-17 00:00:00,BNB,647.3412018782846,900231018.9448881,94455033828.49246
2025-05-18 00:00:00,BNB,639.5979769763185,679492837.9963502,93330577215.08232
2025-05-19 00:00:00,BNB,649.3806686821907,835970956.2085127,94612727897.71045
2025-05-20 00:00:00,BNB,651.0389804540937,825481514.59589,94981431402.74107
2025-05-21 00:00:00,BNB,650.951301036078,763647929.5303316,94965618935.81247
2025-05-22 00:00:00,BNB,674.7138326551593,1565136776.7436197,98432365398.04092
2025-05-23 00:00:00,BNB,686.0302393255067,1382711893.5086522,100085321215.1117
2025-05-24 00:00:00,BNB,655.3681110510369,1217926335.781693,95613306965.6267
2025-05-25 00:00:00,BNB,667.9647953294073,693430871.7905037,97476274852.89873
2025-05-26 00:00:00,BNB,670.0121393931087,768619050.9190482,97751564279.60323
2025-05-27 00:00:00,BNB,673.7837605333261,666132639.4545316,98296679430.87682
2025-05-28 00:00:00,BNB,687.4363026293119,1078653384.123821,100298731784.84161
2025-05-29 00:00:00,BNB,687.631059296252,824780509.8660014,100335504950.89148
2025-05-30 00:00:00,BNB,675.4110812815895,995474417.0429969,98510865071.53929
2025-05-31 00:00:00,BNB,656.2031380761879,923659967.2299035,95726822897.51685
2025-06-01 00:00:00,BNB,658.5726942750157,589938636.7962121,96080182534.47751
2025-06-02 00:00:00,BNB,661.3452261434389,513744446.15491945,96509769841.11876
2025-06-03 00:00:00,BNB,666.0561104906627,550346321.1131796,97164288190.66109
2025-06-04 00:00:00,BNB,661.17332497159,717080413.430261,96448470573.61153
2025-06-05 00:00:00,BNB,663.70338541173,585654885.1918986,96818655325.17992
2025-06-06 00:00:00,BNB,634.1479715861758,1050942219.4544812,92528733228.30528
2025-06-07 00:00:00,BNB,643.7566841456504,828491539.5454317,93918845142.08775
2025-06-08 00:00:00,BNB,650.7937997932994,464282809.21614456,94946550697.756
2025-06-09 00:00:00,BNB,652.274428548494,277471527.06296444,95162483374.16092
2025-06-10 00:00:00,BNB,666.3374143222443,720838499.864964,97228659760.41823
2025-06-11 00:00:00,BNB,673.4760595844963,915030301.0453427,98246414096.53857
2025-06-12 00:00:00,BNB,667.7388930109494,926482996.0464325,97396778654.55505
2025-06-13 00:00:00,BNB,656.4804964003403,833602957.1016513,95779026195.60716
2025-06-14 00:00:00,BNB,654.9095462616511,1091022440.7624466,95536361449.31184
2025-06-15 00:00:00,BNB,645.8086677048335,465113546.69991523,94233719227.42334
2025-06-16 00:00:00,BNB,648.2042600997396,342983199.2537816,94569766054.11093
2025-06-17 00:00:00,BNB,651.4813571171453,677081516.7980691,95211381338.87088
2025-06-18 00:00:00,BNB,648.799470473488,919084069.2175109,94651882459.78012
2025-06-19 00:00:00,BNB,643.7728727892951,805534251.3963257,93914603189.19572
2025-06-20 00:00:00,BNB,644.3626647131019,530108876.6028053,94038287566.09367
2025-06-21 00:00:00,BNB,641.4660754156638,566416175.4191926,93579216011.8553
2025-06-22 00:00:00,BNB,626.5687672231079,506048055.8076519,91275068281.2763
2025-06-23 00:00:00,BNB,615.9200839908369,1152325722.5588028,89858565946.78096
2025-06-24 00:00:00,BNB,640.2543180324582,1018106255.6202904,93384461253.8329
2025-06-25 00:00:00,BNB,643.4133640920619,541068316.461594,93854693466.93323
2025-06-26 00:00:00,BNB,645.8665732235779,827204901.7289867,94213865677.2479
2025-06-27 00:00:00,BNB,642.4572030728536,624553271.4953628,93722988687.98412
2025-06-28 00:00:00,BNB,645.9995550778237,506712411.6691133,94241465985.32014
2025-06-29 00:00:00,BNB,648.766805209224,346225669.1301844,94647807214.77576
2025-06-30 00:00:00,BNB,655.0764136195659,422629715.33849674,95568417529.12051
2025-07-01 00:00:00,BNB,657.0109566115938,695153815.9147367,95851253503.23659
2025-07-02 00:00:00,BNB,646.1777891600059,581547247.9770566,94270479419.54607
2025-07-03 00:00:00,BNB,660.0254823640146,758146950.3828626,96288135477.05896
2025-07-04 00:00:00,BNB,663.0154690088326,713062571.7212918,96722558238.7678
2025-07-05 00:00:00,BNB,653.1616270479346,635866546.3146216,95281695660.61313
2025-07-06 00:00:00,BNB,655.9253698398683,367646275.07166517,95693799964.02425
2025-07-07 00:00:00,BNB,663.0185149322261,562060051.2427313,96725240650.71089
2025-07-08 00:00:00,BNB,661.2876967099644,646920102.0613401,96456273360.42487
2025-07-09 00:00:00,BNB,660.7042150664093,659569899.7140087,96371665854.3558
2025-07-10 00:00:00,BNB,669.2613994307441,641678068.1682327,97575907951.41354
2025-07-11 00:00:00,BNB,685.1054482111715,1137433259.720816,99945907459.49225
2025-07-12 00:00:00,BNB,689.8418420972016,1909585413.5492668,100618288747.50497
2025-07-13 00:00:00,BNB,685.4703165458919,1045215775.1037439,100001602756.8841
2025-07-14 00:00:00,BNB,692.0429275667424,827022284.8266991,100931809897.69768
2025-07-15 00:00:00,BNB,689.3152771073793,1871816396.541036,100564286673.74365
2025-07-16 00:00:00,BNB,689.863427315096,1508842031.6879208,100743249710.19092
2025-07-17 00:00:00,BNB,708.5580809732663,1723439341.1205275,103380492819.6281
2025-07-18 00:00:00,BNB,722.3981283678474,2159930031.483713,105397429062.45035
2025-07-19 00:00:00,BNB,729.5149107763856,3421946485.4001713,106427658192.56117
2025-07-20 00:00:00,BNB,732.9272514055848,1435654835.547203,106924979937.98863
2025-07-21 00:00:00,BNB,758.1392224608369,1798602738.0495224,110586719333.9134
2025-07-22 00:00:00,BNB,766.3958790528078,2452658270.4492984,111807161492.59859
2025-07-23 00:00:00,BNB,786.4807204757146,2644910595.3765583,109558550761.51875
2025-07-24 00:00:00,BNB,776.2226902262614,4430495787.544528,108115424622.89601
2025-07-25 00:00:00,BNB,771.2312622168195,2578577950.386883,107448286648.29321
2025-07-26 00:00:00,BNB,784.7856013546323,2074059703.484386,109286453608.45149
2025-07-27 00:00:00,BNB,794.2867236239222,892831867.5658532,110707645996.55731
2025-07-28 00:00:00,BNB,843.449638843771,2256704380.679607,117523608100.6293
2025-07-29 00:00:00,BNB,822.2765976915088,3011452631.6826835,114557221095.58499
2025-07-30 00:00:00,BNB,805.1438193193468,2130673065.5019739,112111480479.16483
2025-07-31 00:00:00,BNB,793.8734614175534,1929266771.61827,110456100095.04463
2025-08-01 00:00:00,BNB,783.0023910772859,1662327372.5984204,109113907270.47136
2025-08-02 00:00:00,BNB,756.4574114847068,2187208851.563726,105351071036.10793
2025-08-03 00:00:00,BNB,736.6587769385911,937931586.0430179,102623944857.20425
2025-08-04 00:00:00,BNB,751.4001548118117,843114690.7269527,104656102854.34668
2025-08-05 00:00:00,BNB,768.5544340737234,1043307913.1061739,107042144700.86378
2025-08-06 00:00:00,BNB,754.7878000846929,1003756388.5618858,105138094773.98764
2025-08-07 00:00:00,BNB,769.8555506826906,990264468.5504694,107234057462.7665
2025-08-08 00:00:00,BNB,787.1948285374559,1091813946.3690848,109527291627.29677
2025-08-09 00:00:00,BNB,793.1777287850201,1187794735.3928044,110484679476.19675
2025-08-10 00:00:00,BNB,799.1991047067497,1105210829.293122,111320129039.5831
2025-08-11 00:00:00,BNB,804.8956334719561,1056685905.2138219,112048240703.83403
2025-08-12 00:00:00,BNB,806.8312185132748,1821705477.5453286,112362421491.65253
2025-08-13 00:00:00,BNB,834.446637547768,1904274487.3355463,116319266615.13809
2025-08-14 00:00:00,BNB,849.5528663342336,2344964710.7509003,118308158987.36308
2025-08-15 00:00:00,BNB,842.2643191559952,3658447977.417383,117299381415.7054
2025-08-16 00:00:00,BNB,827.2916811192079,3425180338.790325,115243392455.31807
2025-08-17 00:00:00,BNB,839.0566611983465,1194989933.08169,116636178954.74178
2025-08-18 00:00:00,BNB,856.9424560582937,1237130937.218746,119370446719.06827
2025-08-19 00:00:00,BNB,848.2298792758197,1704077250.468268,118191079529.68217
2025-08-20 00:00:00,BNB,823.4566682430556,1577237801.835062,114695398769.23634
2025-08-21 00:00:00,BNB,870.0388548973078,2208912960.725439,121327396964.83464
2025-08-22 00:00:00,BNB,838.3671602294102,1808794551.8255882,116703457347.89297
2025-08-23 00:00:00,BNB,899.0447590707095,2403982643.652437,125228722775.30713
2025-08-24 00:00:00,BNB,880.2145462822662,1414960204.0565426,122601551471.5355
2025-08-25 00:00:00,BNB,876.0729413672346,1862920203.9639418,122045654251.52823
2025-08-26 00:00:00,BNB,840.2868104582814,1739476008.2601202,117052413550.03337
2025-08-27 00:00:00,BNB,864.1213024474413,1565511904.048617,120359854645.80617
2025-08-28 00:00:00,BNB,856.0552312979237,1274918054.4266574,119223186511.82414
2025-08-29 00:00:00,BNB,874.7487534677291,1665085112.0571768,121754972275.09772
2025-08-30 00:00:00,BNB,863.6575485254209,1531055975.6867678,120215499930.77438
2025-08-31 00:00:00,BNB,861.923469050824,732100562.508858,119967599893.59285
2025-09-01 00:00:00,BNB,857.819601972643,721993472.2873288,119395441256.787
2025-09-02 00:00:00,BNB,845.916487927506,1648305723.808358,117730905063.68185
2025-09-03 00:00:00,BNB,851.6937445280856,1322521810.3871567,118533105628.61053
2025-09-04 00:00:00,BNB,855.1110256828161,859226298.816796,119019289721.41235
2025-09-05 00:00:00,BNB,843.6735934362805,916745033.758285,117468538515.54077
2025-09-06 00:00:00,BNB,849.7184902459278,987362929.2356554,118277372904.95659
2025-09-07 00:00:00,BNB,861.6639369838142,841058634.1628499,120001345335.90672
2025-09-08 00:00:00,BNB,881.3845363246559,923155920.7210786,122834289041.01732
2025-09-09 00:00:00,BNB,878.2339242329539,1204256444.2143743,122234712958.68347
2025-09-10 00:00:00,BNB,879.833817211316,1062899360.6770087,122413962295.55894
2025-09-11 00:00:00,BNB,893.578793274879,1801977169.8109913,124408078560.3618
2025-09-12 00:00:00,BNB,902.876846974473,1258971255.576734,125610829851.88258
2025-09-13 00:00:00,BNB,925.1660418381477,1589605226.0339465,128802515865.21457
2025-09-14 00:00:00,BNB,933.8971704994946,1640112370.864308,129905114546.37772
2025-09-15 00:00:00,BNB,926.8412817390542,1263377077.0891886,128929854315.27986
2025-09-16 00:00:00,BNB,919.2250351484705,1372293507.033996,127942167402.54544
2025-09-17 00:00:00,BNB,955.3487499241552,1924151991.340504,132963284625.94852
2025-09-18 00:00:00,BNB,991.3973181432295,2455896970.1542788,137968272147.62173
2025-09-19 00:00:00,BNB,982.076570691383,2514178578.723519,136761037889.76804
2025-09-20 00:00:00,BNB,982.6879738189483,2194041676.02945,136677706976.03806
2025-09-21 00:00:00,BNB,1042.406078066426,2616933161.676639,145119356424.55237
2025-09-22 00:00:00,BNB,1048.5649851048527,3053430923.1205482,145982985276.6282
2025-09-23 00:00:00,BNB,992.3881905006706,3676969354.8492184,138105394316.3322
2025-09-24 00:00:00,BNB,1017.4645009307637,2922340144.9194756,141632015383.78027
2025-09-25 00:00:00,BNB,1018.067792712729,2488968495.0372467,141670017336.2046
2025-09-26 00:00:00,BNB,944.4003758447785,3413861577.3788505,131563762651.00531
2025-09-27 00:00:00,BNB,960.6805874196078,2464135246.7217975,133586426744.2321
2025-09-28 00:00:00,BNB,968.6806715896132,1580796543.5155156,134835789879.10022
2025-09-29 00:00:00,BNB,993.2079048442275,1062584120.7976861,138219349626.7409
2025-09-30 00:00:00,BNB,1030.030963111487,2136154304.7482347,143304041034.04755
2025-10-01 00:00:00,BNB,1008.9225311714104,1848197871.390849,140376471979.115
2025-10-02 00:00:00,BNB,1025.8187850123247,1942259015.308578,142809283859.25217
2025-10-03 00:00:00,BNB,1090.3115640663682,2670147496.089171,151723439463.9026
2025-10-04 00:00:00,BNB,1190.0540938314145,4899140228.342193,164926971828.80228
2025-10-05 00:00:00,BNB,1149.536376093483,1730597418.8329225,160006780977.96976
2025-10-06 00:00:00,BNB,1165.4778023162069,2435796155.3750944,162064988745.73065
2025-10-07 00:00:00,BNB,1224.574210222444,4284366311.1491776,169960274835.35895
2025-10-08 00:00:00,BNB,1311.712914691701,9739890116.464443,182467251280.33548
2025-10-09 00:00:00,BNB,1306.4812320510532,5632418876.319237,181269646560.23404
2025-10-10 00:00:00,BNB,1255.8786646242372,6718668117.932197,174774998279.26852
2025-10-11 00:00:00,BNB,1110.8141755974673,8685141976.344122,155757356924.0352
2025-10-12 00:00:00,BNB,1138.1246823442061,6948428633.056303,158484360795.37354
2025-10-13 00:00:00,BNB,1298.7908005975073,9048144207.208094,180775585852.16452
2025-10-14 00:00:00,BNB,1293.0722313476617,9460068400.641727,180018433779.75974
2025-10-15 00:00:00,BNB,1212.283351974494,8825438559.50392,168894485551.0376
2025-10-16 00:00:00,BNB,1161.734804798178,4682445531.806146,161921597426.4193
2025-10-17 00:00:00,BNB,1143.731369922843,4415901608.8116665,159172508587.92465
2025-10-18 00:00:00,BNB,1071.5486432574182,5491967100.574252,149337696969.78973
2025-10-19 00:00:00,BNB,1092.456873698318,2404645661.2866297,152025648190.85864
2025-10-20 00:00:00,BNB,1109.7463758132928,2451498835.8070607,154383839123.48035
2025-10-21 00:00:00,BNB,1100.594219041398,3059042679.759334,153232298626.44522
2025-10-22 00:00:00,BNB,1057.8502060144851,3312841993.6151514,147151945156.75046
2025-10-23 00:00:00,BNB,1071.3354220022431,2524047906.4061713,149141843205.3591
2025-10-24 00:00:00,BNB,1127.358071433892,4658465652.115295,156747943162.4117
2025-10-25 00:00:00,BNB,1109.178393744721,2264878475.243278,154356375659.02368
2025-10-26 00:00:00,BNB,1116.6415202338756,1179990839.9169848,155309975825.18158
2025-10-27 00:00:00,BNB,1136.879092448019,1658756855.7714329,158403748858.5009
2025-10-28 00:00:00,BNB,1140.4846092726004,3216378789.247939,157086987480.81543
2025-10-29 00:00:00,BNB,1103.595300080196,3071983545.353561,152007230183.57797
2025-10-30 00:00:00,BNB,1106.7871126244677,3099158245.6172895,152329610306.33157
2025-10-31 00:00:00,BNB,1078.7188521029816,3106355168.6806374,148424523512.72137
2025-11-01 00:00:00,BNB,1088.7331766998475,3113520722.1821284,149946680357.30164
2025-11-02 00:00:00,BNB,1094.4541628666802,1037807355.6051457,150757802647.79373
2025-11-03 00:00:00,BNB,1083.698416513334,1031503124.6500415,149267110348.34732
2025-11-04 00:00:00,BNB,992.195531851008,3894432183.7340875,136616004230.74718
2025-11-05 00:00:00,BNB,938.891751599157,4592001913.653611,129239032176.4543
2025-11-06 00:00:00,BNB,959.9701458776641,2676495284.5851297,132180559948.4775
2025-11-07 00:00:00,BNB,948.6793778409456,1960406697.5914152,130609805281.72852
2025-11-08 00:00:00,BNB,990.5899790534177,2698061350.925921,136429471727.4668
2025-11-09 00:00:00,BNB,989.8862403988059,1880988393.9904878,136375700425.64316
2025-11-10 00:00:00,BNB,996.308790029525,1718843151.6878853,137204000714.66489
2025-11-11 00:00:00,BNB,991.3653787289568,1834279454.1310785,136571690893.45041
2025-11-12 00:00:00,BNB,957.149279725558,1720439846.7132306,131942389294.9387
2025-11-13 00:00:00,BNB,952.9170115918621,1547574582.8027587,131225068810.25166
2025-11-14 00:00:00,BNB,927.1219876913323,2123958787.804254,128101915690.26227
2025-11-15 00:00:00,BNB,917.7022398201406,2858531583.3570466,126684618872.11615
2025-11-16 00:00:00,BNB,931.9743286141038,1205241688.99158,128395985006.65512
2025-11-17 00:00:00,BNB,928.5079796470696,1919661054.375172,127910791474.5547
2025-11-18 00:00:00,BNB,906.7197811831101,3283503372.7441425,124779469987.77226
2025-11-19 00:00:00,BNB,932.0597430569885,3005015188.212742,128319367620.55066
2025-11-20 00:00:00,BNB,894.7896141305321,2476207348.3480835,123084876438.08083
2025-11-21 00:00:00,BNB,866.7212975475668,2488925141.7757115,119819812394.41757
2025-11-22 00:00:00,BNB,831.1648478578168,4424065641.157903,114575535829.88885
2025-11-23 00:00:00,BNB,833.4782529297297,1537890915.9080956,114798898990.60631
2025-11-24 00:00:00,BNB,843.0327408998495,1306002441.4363518,116123650605.58427
2025-11-25 00:00:00,BNB,864.3540154398011,2065041400.9588752,119205379505.13644
2025-11-26 00:00:00,BNB,861.9171451304046,1496962340.5130074,118789307110.17656
2025-11-27 00:00:00,BNB,891.7232823713881,1449103064.2185059,122716585447.73863
2025-11-28 00:00:00,BNB,895.3979231885241,1318329005.593349,123327074303.01404
2025-11-29 00:00:00,BNB,887.5558493593282,1145367682.770756,122276150362.64653
2025-11-30 00:00:00,BNB,873.7626867754427,865485146.8078157,120348875955.46194
2025-12-01 00:00:00,BNB,877.7990241108373,934390096.0872817,120956146870.59618
2025-12-02 00:00:00,BNB,827.4880333310571,2564710118.0321436,114076075213.18332
2025-12-03 00:00:00,BNB,876.7469880502844,1999384470.0456862,120778408196.91264
2025-12-04 00:00:00,BNB,922.3452824680271,2062726216.677784,126961880148.0321
2025-12-05 00:00:00,BNB,900.2311130891073,1687004005.886419,123964878213.4654
2025-12-06 00:00:00,BNB,883.6707054897142,1528242896.5625634,121783105712.06157
2025-12-07 00:00:00,BNB,890.2442866831284,976591575.8687031,122621613741.7671
2025-12-08 00:00:00,BNB,892.8659344513236,1267574110.8170147,122976657439.0781
2025-12-09 00:00:00,BNB,897.4003709684328,1425833774.2488616,123548439285.44443
2025-12-10 00:00:00,BNB,899.4035882994448,1958799168.637301,123930434640.63074
2025-12-11 00:00:00,BNB,894.4021116794611,1842912394.8731253,123298087220.88683
2025-12-12 00:00:00,BNB,885.6320356392306,1658559102.7895744,122104338797.89401
2025-12-13 00:00:00,BNB,882.1612967807799,1215709823.9818652,121523423088.54666
2025-12-14 00:00:00,BNB,897.3110444563038,871174991.1034428,123599191597.31932
2025-12-15 00:00:00,BNB,878.3885175348196,1017448639.1154498,120990117783.94084
2025-12-16 00:00:00,BNB,858.4116623377057,1757948457.1941316,118228345944.19202
2025-12-17 00:00:00,BNB,874.6720838564994,1850367940.8959947,120413955851.13254
2025-12-18 00:00:00,BNB,842.7888780335543,2500106186.2544427,116085576597.52141
2025-12-19 00:00:00,BNB,829.1719378700606,2791384030.4837723,114190662273.26158
2025-12-20 00:00:00,BNB,855.957117266356,5670988452.811656,117897286655.7941
2025-12-21 00:00:00,BNB,853.5635263159346,717833507.1498009,117437335113.4627
2025-12-22 00:00:00,BNB,857.8618459584029,803727030.2155951,118184623023.09212
2025-12-23 00:00:00,BNB,858.018474136862,1315641870.276173,118177942903.11252
2025-12-24 00:00:00,BNB,843.9156558740143,995532572.4121732,116259698516.2158
2025-12-25 00:00:00,BNB,846.6127954902438,848705458.5824474,116609355166.84311
2025-12-26 00:00:00,BNB,828.8695540284072,735682841.2640332,114114035227.35869
2025-12-27 00:00:00,BNB,834.3408283262127,1083838293.2383966,114905145748.4669
2025-12-28 00:00:00,BNB,844.6780493960856,726652124.5702834,116342864989.3187
2025-12-29 00:00:00,BNB,858.791572988669,728494104.5438432,118310241153.67932
2025-12-30 00:00:00,BNB,851.1900442578194,1260449454.778092,117223103080.42976
2025-12-31 00:00:00,BNB,860.3384247437768,1465833722.2047489,118493436505.37633
2026-01-01 00:00:00,BNB,863.1574666286001,1936922574.9322722,118876603739.66975
2026-01-02 00:00:00,BNB,862.9202786806326,997547906.5992901,118849214809.2441
2026-01-03 00:00:00,BNB,880.5981987516783,1650776021.9264174,121322839458.69113
2026-01-04 00:00:00,BNB,878.7329288702774,1018610976.0005002,121016515949.7729
2026-01-05 00:00:00,BNB,894.4508344273104,1279357981.9878118,123224807425.4024
2026-01-06 00:00:00,BNB,910.9079403595276,1534918832.2904541,125501652951.13847
2026-01-07 00:00:00,BNB,917.6345878314794,1617407942.4718144,126398673393.32039
2026-01-08 00:00:00,BNB,899.3115791273906,1669040949.1979966,123763709908.52527
2026-01-09 00:00:00,BNB,891.5992569838319,1512007590.3179083,122803772954.30318
2026-01-10 00:00:00,BNB,895.5121731855866,1062500372.9429797,123437221285.62236
2026-01-11 00:00:00,BNB,906.6887224157771,1304632995.1676254,124853596576.21555
2026-01-12 00:00:00,BNB,902.7664964152219,1089200673.3908803,124314076342.01952
2026-01-13 00:00:00,BNB,905.5295124491013,1416236647.4214528,124753634346.50957
2026-01-14 00:00:00,BNB,942.4122356291538,3023134995.2829003,129801485407.88301
2026-01-15 00:00:00,BNB,949.0987145957889,2255160714.02555,130778202236.48225
2026-01-16 00:00:00,BNB,930.8892064404015,1669241171.3133764,126916279480.82817
2026-01-17 00:00:00,BNB,937.687896295784,1177907096.7776625,127819071582.52448
2026-01-18 00:00:00,BNB,946.9959081738135,1207141309.5977027,129194457542.08887
2026-01-19 00:00:00,BNB,933.8079144307845,1275798832.474469,127391956848.96681
2026-01-20 00:00:00,BNB,922.3076030339913,2470346209.8986206,125781563139.81992
2026-01-21 00:00:00,BNB,884.4648847958442,2173091202.289302,120599484135.13818
2026-01-22 00:00:00,BNB,882.3554922284878,2969106779.726366,120275764764.43254
2026-01-23 00:00:00,BNB,886.8801866366052,1219444876.7874093,120878971499.69006
2026-01-24 00:00:00,BNB,890.5047011445338,1127306040.1474164,121406274788.23088
2026-01-25 00:00:00,BNB,886.0721909071814,530513762.9125829,120824131675.19077
2026-01-26 00:00:00,BNB,864.4439519225823,1310262586.1889098,117935368800.78908
2026-01-27 00:00:00,BNB,878.6274796967367,1259874753.5993867,119852075665.91493
2026-01-28 00:00:00,BNB,897.6724320123695,1247423175.7103016,122447202207.11542
2026-01-29 00:00:00,BNB,901.2090745596357,1215717530.3090816,122868533857.5658
2026-01-30 00:00:00,BNB,867.7347946909455,3354101451.7359533,118285691493.88474
2026-01-31 00:00:00,BNB,857.3699420639612,2345749921.787442,116914053043.12451
2026-02-01 00:00:00,BNB,780.3315668159182,2662234945.505993,106463087867.83705
2026-02-02 00:00:00,BNB,757.9446598202101,1927504970.8607385,103356915509.94981
2026-02-03 00:00:00,BNB,775.3120806273045,2344630264.0359216,105675775355.58817
2026-02-04 00:00:00,BNB,753.6152462766961,1960437669.6417804,102785306283.79321
2026-02-05 00:00:00,BNB,699.2319544532423,2627088916.8071713,95326625071.32611
2026-02-06 00:00:00,BNB,604.901963859174,4105549455.1091533,83296690560.85005
2026-02-07 00:00:00,BNB,657.306655291851,3237219518.0847487,89685556968.33916
2026-02-08 00:00:00,BNB,647.57171670411,1584371636.5518491,88308066317.38551
2026-02-09 00:00:00,BNB,641.3063396421284,994898115.8011318,87450835262.66064
2026-02-10 00:00:00,BNB,636.158470811873,1276369127.1321113,86729994089.1038
2026-02-11 00:00:00,BNB,619.5022534339905,1021759793.9295112,84467831507.9743
2026-02-12 00:00:00,BNB,607.0100650556328,1547224348.7584748,82755881618.30022
2026-02-13 00:00:00,BNB,613.5884218776979,959253580.3854749,83656019499.6611
2026-02-14 00:00:00,BNB,618.6972942245542,1283501146.5138228,84362020188.44165
2026-02-15 00:00:00,BNB,633.314654350795,793474923.1783898,86343046587.03139
2026-02-16 00:00:00,BNB,614.2781615559984,983279792.7361963,83775714874.3921
2026-02-17 00:00:00,BNB,626.9455367382164,800706232.6744035,85479372542.39017
2026-02-18 00:00:00,BNB,617.5002211755236,802874852.1015399,84169985044.78767
2026-02-19 00:00:00,BNB,604.7780192707222,820027524.6018764,82448958332.99574
2026-02-20 00:00:00,BNB,607.1450788289527,891516182.014514,82785340522.44412
2026-02-21 00:00:00,BNB,625.1658113899997,1142133263.586823,85241510657.33328
2026-02-22 00:00:00,BNB,625.9459360696097,606271036.5502301,85378020406.19989
2026-02-23 00:00:00,BNB,614.0943323849417,539067287.7829927,83711762481.52454
2026-02-24 00:00:00,BNB,595.841177275929,1553730225.5898428,81249250726.1992
2026-02-25 00:00:00,BNB,583.919821904656,1262821404.8610575,79658479528.21227
2026-02-26 00:00:00,BNB,628.2228200794851,2095902853.2404492,85640105899.57208
2026-02-27 00:00:00,BNB,625.9211039706134,2185021928.62165,85313118803.34755
2026-02-28 00:00:00,BNB,613.9686612193877,1166358389.1914895,83730647972.7378
2026-03-01 00:00:00,BNB,617.5322050027751,1209591660.7041028,84176037496.01993
2026-03-02 00:00:00,BNB,616.8269097979393,1186979235.562409,84170308777.82892
2026-03-03 00:00:00,BNB,637.4936332653224,1468743400.2500687,86949777841.90884
2026-03-04 00:00:00,BNB,633.9153172943332,1288690976.9448144,86482998750.86174
2026-03-05 00:00:00,BNB,657.5355575822484,1455437526.091997,89674121952.91655
2026-03-06 00:00:00,BNB,647.8545990969939,1126469725.743304,88346628486.60861
2026-03-07 00:00:00,BNB,627.3743722428251,917945561.1473391,85547657678.56377
2026-03-08 00:00:00,BNB,620.1335218839806,509923883.2711651,84564372980.5224
2026-03-09 00:00:00,BNB,611.9500451871007,672282092.2172055,83583322275.93915
2026-03-10 00:00:00,BNB,634.3477951671313,982004007.0334728,86502344273.0034
2026-03-11 00:00:00,BNB,641.6585289358178,881536476.9723201,87497942370.54245
2026-03-12 00:00:00,BNB,651.4385570212381,968330794.4655601,88842234614.88629
2026-03-13 00:00:00,BNB,652.3204295577726,849045547.638754,88957818998.18317
2026-03-14 00:00:00,BNB,656.0082976549179,1511406401.009564,89442960068.13345
2026-03-15 00:00:00,BNB,657.9077116578025,568442486.3376324,89708022268.74335
2026-03-16 00:00:00,BNB,673.7790391797466,850791964.7012388,91853204145.78893
2026-03-17 00:00:00,BNB,679.6057646827234,1687295599.150869,92621576531.92915
2026-03-18 00:00:00,BNB,668.4582026519276,1173435903.171768,91169357011.08174
2026-03-19 00:00:00,BNB,651.889478852474,1250510505.1637778,88894942913.96696
2026-03-20 00:00:00,BNB,638.9476995490274,1092257056.730614,87094846579.00471
2026-03-21 00:00:00,BNB,642.2798347520329,959576064.1017348,87555139152.7843
2026-03-22 00:00:00,BNB,629.5885290033027,574119350.8234105,86103357202.51297
2026-03-23 00:00:00,BNB,626.2400112141628,954773587.3843673,85414472213.878
2026-03-24 00:00:00,BNB,638.7006153893446,1699315951.250889,87032729469.62123
2026-03-25 00:00:00,BNB,638.2722605721722,978215304.2590938,87029448211.48181
2026-03-26 00:00:00,BNB,647.3180223384383,1021964769.0362132,88262637760.30162
2026-03-27 00:00:00,BNB,628.9190223638835,913034607.2913547,85772548374.91353
2026-03-28 00:00:00,BNB,613.1713620815611,971768711.8095019,83593345118.95567
2026-03-29 00:00:00,BNB,610.4645237576061,657828397.9227824,83244498612.2906
2026-03-30 00:00:00,BNB,605.6869270198512,729996347.0299814,82611194532.15556
2026-03-31 00:00:00,BNB,608.6013327334239,914704817.990499,82993307407.98569
2026-04-01 00:00:00,BNB,616.7739614216982,1116226014.1060407,84079306293.21768
2026-04-02 00:00:00,BNB,610.7257387079188,1057348941.2416209,83268972735.4447
2026-04-03 00:00:00,BNB,583.2343462184504,1566389736.6438546,79535583506.9849
2026-04-04 00:00:00,BNB,588.1023061457563,616532496.823016,80200003775.74149
2026-04-05 00:00:00,BNB,593.3737522068442,495007925.0437973,80890979536.74782
2026-04-06 00:00:00,BNB,601.5319277415803,610987258.5820462,82032211835.35657
2026-04-07 00:00:00,BNB,600.2118425663355,809193950.5544351,81842529919.58655
2026-04-08 00:00:00,BNB,620.4758823184727,1009757674.5294894,84605336658.57475
2026-04-09 00:00:00,BNB,601.1825872790433,1218951620.0366716,81972951877.29778
2026-04-10 00:00:00,BNB,602.7816776325137,748582682.279887,82224648671.39467
2026-04-11 00:00:00,BNB,605.8959543933561,929515613.153596,82633009463.95515
2026-04-12 00:00:00,BNB,607.4205594243359,830947398.695837,82835786294.08958
2026-04-13 00:00:00,BNB,592.4016532719136,980521715.6102328,80756512794.08296
2026-04-14 00:00:00,BNB,615.0582235280093,1267912614.4982107,83863161237.62419
2026-04-15 00:00:00,BNB,614.3018457281473,1434643630.8419285,83763928148.84012
2026-04-16 00:00:00,BNB,622.8075892645858,817762335.6407866,83942103430.50294
2026-04-16 16:08:18,BNB,625.8849819320011,1157601969.7354395,84296377468.20929
2025-04-17 00:00:00,BTC,84105.77942167096,26948109141.803364,1670497569762.047
2025-04-18 00:00:00,BTC,84930.90857600998,19323821375.14309,1686226810049.1836
2025-04-19 00:00:00,BTC,84433.75017215389,9550691272.782005,1676373197914.5117
2025-04-20 00:00:00,BTC,85126.66244301842,12635983530.804455,1690090596771.3958
2025-04-21 00:00:00,BTC,85073.16544858096,12625843856.313684,1689008667806.3804
2025-04-22 00:00:00,BTC,87452.04699068287,40070025414.28289,1735703747771.06
2025-04-23 00:00:00,BTC,93576.16588573981,53841992235.36636,1858587811717.8286
2025-04-24 00:00:00,BTC,93605.45230873208,39901515879.65954,1858660302322.256
2025-04-25 00:00:00,BTC,93872.81422867288,30031246761.093452,1864298110563.3408
2025-04-26 00:00:00,BTC,94773.11200643536,39336184715.04292,1882121595175.8462
2025-04-27 00:00:00,BTC,94644.06637120107,15445392739.787264,1879131951239.1846
2025-04-28 00:00:00,BTC,93809.33781968223,15926259371.057959,1862772247122.064
2025-04-29 00:00:00,BTC,95030.60645474444,31913814736.53902,1887067388174.3481
2025-04-30 00:00:00,BTC,94256.35946318062,25882629766.278946,1870818389258.4038
2025-05-01 00:00:00,BTC,94235.75331048167,26541700309.366146,1871350362569.0933
2025-05-02 00:00:00,BTC,96426.94522273027,30207566405.468834,1914884389769.3945
2025-05-03 00:00:00,BTC,96855.5681343944,23276376191.483967,1923251765866.1472
2025-05-04 00:00:00,BTC,95922.86842404422,13797554863.642815,1904894886394.57
2025-05-05 00:00:00,BTC,94326.62048529249,14903122945.616686,1872812442453.0322
2025-05-06 00:00:00,BTC,94758.8237105546,24086456278.203846,1882511286487.958
2025-05-07 00:00:00,BTC,96854.53198815876,23348052607.071873,1923643840814.599
2025-05-08 00:00:00,BTC,97026.49376966801,64376174032.08048,1927134557858.269
2025-05-09 00:00:00,BTC,103076.27555512934,50020047720.65604,2047883753852.6929
2025-05-10 00:00:00,BTC,102962.54045692299,40800894903.23446,2045046445523.5242
2025-05-11 00:00:00,BTC,104630.8792994166,21558992540.042442,2077132539531.3464
2025-05-12 00:00:00,BTC,103994.061616746,27389436049.454792,2065659960471.3655
2025-05-13 00:00:00,BTC,102876.8304286011,43090605819.36596,2044347271866.1707
2025-05-14 00:00:00,BTC,104184.49039270742,33861432519.50822,2069356072124.024
2025-05-15 00:00:00,BTC,103594.42575090709,28398245846.798244,2057798367292.5637
2025-05-16 00:00:00,BTC,103708.85136423641,31823340473.339912,2060142559914.034
2025-05-17 00:00:00,BTC,103556.03493982446,25887953182.14765,2057725640290.0767
2025-05-18 00:00:00,BTC,103212.36483885496,18950056010.479057,2050318521477.805
2025-05-19 00:00:00,BTC,106030.6376831359,30744060179.802963,2104889720872.8306
2025-05-20 00:00:00,BTC,105629.41580436694,43339734153.75087,2098485415895.0496
2025-05-21 00:00:00,BTC,106786.71995834043,36393687094.25122,2121778617273.821
2025-05-22 00:00:00,BTC,109665.86371625263,60722883113.84,2178838967665.505
2025-05-23 00:00:00,BTC,111560.356938144,52218408239.45193,2214712145787.249
2025-05-24 00:00:00,BTC,107216.66856870624,49251745837.96465,2131595896624.4407
2025-05-25 00:00:00,BTC,107831.36374380375,27128230116.517162,2142540077685.2197
2025-05-26 00:00:00,BTC,108861.81037744327,29652659665.048733,2163072841533.6133
2025-05-27 00:00:00,BTC,109377.71513263129,27950577137.918888,2173059855839.4187
2025-05-28 00:00:00,BTC,109068.45694901445,38978783508.88622,2167551887130.0073
2025-05-29 00:00:00,BTC,107838.18431100152,29794278037.284946,2143342706888.307
2025-05-30 00:00:00,BTC,105745.41660358038,38279231892.56757,2101348752694.3137
2025-05-31 00:00:00,BTC,104010.91956242644,39680060337.610214,2066830946978.0637
2025-06-01 00:00:00,BTC,104687.50742934884,20432694555.09522,2080467809295.7695
2025-06-02 00:00:00,BTC,105710.00593822816,17721500507.53389,2101178071590.9749
2025-06-03 00:00:00,BTC,105884.74263221149,26313843058.73954,2104229403094.936
2025-06-04 00:00:00,BTC,105434.47745144971,25925661121.080395,2095294001281.4797
2025-06-05 00:00:00,BTC,104812.9182188067,25812143562.797962,2083148839111.2068
2025-06-06 00:00:00,BTC,101650.7387545425,39711941132.0234,2020294099992.3677
2025-06-07 00:00:00,BTC,104409.74967959142,29897390978.090103,2075175500201.4253
2025-06-08 00:00:00,BTC,105681.4546141758,17749731308.73042,2100553336902.5076
2025-06-09 00:00:00,BTC,105692.24740699006,16044679696.270103,2100654769399.4705
2025-06-10 00:00:00,BTC,110261.57485948496,38222993297.50514,2191877481230.9468
2025-06-11 00:00:00,BTC,110212.73252109604,36303839182.734825,2189350055406.3333
2025-06-12 00:00:00,BTC,108679.9760916168,30338936631.626648,2159529375273.4956
2025-06-13 00:00:00,BTC,105979.22902375912,35865159511.38857,2107911943768.2988
2025-06-14 00:00:00,BTC,106045.56440819203,49471015505.74361,2107973087547.7922
2025-06-15 00:00:00,BTC,105482.90611628917,17916412455.866283,2097486541223.27
2025-06-16 00:00:00,BTC,105554.49383061715,16568441852.649668,2098499110552.6216
2025-06-17 00:00:00,BTC,106951.2720181497,32095957011.724205,2127895470544.7178
2025-06-18 00:00:00,BTC,104683.42479835715,38603212010.889435,2080968120976.949
2025-06-19 00:00:00,BTC,104722.695052907,30339326410.154945,2081677732261.6853
2025-06-20 00:00:00,BTC,104690.65002458123,18063282658.152298,2081355279873.408
2025-06-21 00:00:00,BTC,103290.105144757,30632751225.407444,2054120245608.2085
2025-06-22 00:00:00,BTC,101532.5683847329,21644463198.719532,2017415966695.5278
2025-06-23 00:00:00,BTC,100852.58264648831,51287142390.02526,2005179769771.7349
2025-06-24 00:00:00,BTC,105511.62437933135,50011797128.6837,2097741233586.5918
2025-06-25 00:00:00,BTC,105976.06929808448,31704641076.941063,2107110352429.8032
2025-06-26 00:00:00,BTC,107238.53045016268,30468274982.034847,2132141147369.0017
2025-06-27 00:00:00,BTC,106984.01253775663,24320699663.15122,2127292099754.93
2025-06-28 00:00:00,BTC,107078.91560644074,25194306261.888832,2129020567385.9595
2025-06-29 00:00:00,BTC,107331.58548463577,8960877693.57604,2134239999929.6584
2025-06-30 00:00:00,BTC,108396.61631317894,14881078675.366829,2155183166489.813
2025-07-01 00:00:00,BTC,107132.79910701896,22489515582.41552,2130471589191.581
2025-07-02 00:00:00,BTC,105613.39974163055,25033160828.30909,2100087563077.9324
2025-07-03 00:00:00,BTC,108824.44423167943,36395184773.06136,2163835371770.0977
2025-07-04 00:00:00,BTC,109602.20483914016,29892049537.628605,2179664531219.9346
2025-07-05 00:00:00,BTC,108040.8919400104,24248906784.57383,2148601712907.3433
2025-07-06 00:00:00,BTC,108217.46849992426,10042942280.966904,2152344091389.654
2025-07-07 00:00:00,BTC,109215.19771840284,14638669497.351297,2171497503296.0474
2025-07-08 00:00:00,BTC,108300.71675785031,25493246475.80407,2153777588647.4504
2025-07-09 00:00:00,BTC,108953.19187727802,20488865138.27645,2167049398056.7417
2025-07-10 00:00:00,BTC,111327.53054245669,37078460440.66385,2215210888568.426
2025-07-11 00:00:00,BTC,115879.65030112496,56204086624.04028,2303292356999.7437
2025-07-12 00:00:00,BTC,117571.02510036016,64185145923.88688,2338612196961.7437
2025-07-13 00:00:00,BTC,117418.95745007684,24351256098.393543,2335485977830.673
2025-07-14 00:00:00,BTC,119117.55666327637,27310851454.97692,2369050366835.5605
2025-07-15 00:00:00,BTC,119833.67446712355,68915956378.80447,2383825813673.847
2025-07-16 00:00:00,BTC,117678.19493404306,80299520980.2335,2341223394839.9204
2025-07-17 00:00:00,BTC,118748.1627367753,50374263848.76278,2363194640209.576
2025-07-18 00:00:00,BTC,119445.36520434043,49282617205.72662,2376237382764.3013
2025-07-19 00:00:00,BTC,117988.94664455787,58896449260.69391,2347165317624.536
2025-07-20 00:00:00,BTC,117901.62655900871,23934511126.349533,2345398337785.541
2025-07-21 00:00:00,BTC,117256.9208222684,36702153882.06748,2333757287859.664
2025-07-22 00:00:00,BTC,117482.46977767294,46344384345.39471,2337365497467.1313
2025-07-23 00:00:00,BTC,119955.79570607653,58939000420.94166,2387516761560.4927
2025-07-24 00:00:00,BTC,118629.05588130427,45225685167.61703,2359931875300.5244
2025-07-25 00:00:00,BTC,118354.43517438594,51940414419.3327,2354764508342.9937
2025-07-26 00:00:00,BTC,117540.80837085741,91617702596.10347,2338855554998.7812
2025-07-27 00:00:00,BTC,117959.54234360624,25145925063.881348,2346959472845.027
2025-07-28 00:00:00,BTC,119418.91405141471,30220402191.467663,2376524838793.0137
2025-07-29 00:00:00,BTC,118003.30201607826,43433742203.62158,2349472897426.4688
2025-07-30 00:00:00,BTC,117853.30892863822,42860287143.68828,2345126504020.1143
2025-07-31 00:00:00,BTC,117833.24087995925,43054424656.58649,2343717963709.7124
2025-08-01 00:00:00,BTC,115700.00243915782,45238249453.35885,2302199162425.1206
2025-08-02 00:00:00,BTC,113234.6051343189,65794680822.25255,2253609880959.403
2025-08-03 00:00:00,BTC,112554.90232221723,33543439044.09785,2240413983638.112
2025-08-04 00:00:00,BTC,114199.10966460757,24689273719.085533,2272802075267.0376
2025-08-05 00:00:00,BTC,115138.68613070177,32488023582.82734,2292395156144.1514
2025-08-06 00:00:00,BTC,114128.35408881678,37316213251.97167,2271583255077.356
2025-08-07 00:00:00,BTC,115022.09576830892,32052509631.058872,2289295036528.6577
2025-08-08 00:00:00,BTC,117463.47451085235,38289687095.00489,2337732858703.5435
2025-08-09 00:00:00,BTC,116688.36663186055,33017415812.97353,2323026541073.3213
2025-08-10 00:00:00,BTC,116510.08393213755,27638785406.21056,2318815857401.68
2025-08-11 00:00:00,BTC,119266.92516880555,37157754754.85189,2374097296837.8896
2025-08-12 00:00:00,BTC,118773.79960860992,61739781527.95854,2364060561672.9995
2025-08-13 00:00:00,BTC,120202.53485503166,46941089789.57991,2392854421745.6157
2025-08-14 00:00:00,BTC,123560.99363577305,61818118105.53991,2458895200752.567
2025-08-15 00:00:00,BTC,118405.59579823953,73822008367.99681,2360043737045.272
2025-08-16 00:00:00,BTC,117339.79190213277,44268714220.021,2335290383260.173
2025-08-17 00:00:00,BTC,117501.21653394958,23202714236.542347,2339465736068.208
2025-08-18 00:00:00,BTC,117542.83687778088,20906566026.645443,2340648324181.828
2025-08-19 00:00:00,BTC,116256.41276740946,47337926940.98573,2313556987528.4634
2025-08-20 00:00:00,BTC,112778.34483555844,46156885037.403885,2245419916215.7417
2025-08-21 00:00:00,BTC,114252.39755195397,42166369117.006935,2274471285844.184
2025-08-22 00:00:00,BTC,112414.39987336512,32048202090.65466,2238121481749.57
2025-08-23 00:00:00,BTC,116834.24948202295,50878158870.82928,2326174803320.612
2025-08-24 00:00:00,BTC,115359.98346714744,27306719885.257973,2296786080139.701
2025-08-25 00:00:00,BTC,113399.54847314971,40682656776.69001,2259663171125.389
2025-08-26 00:00:00,BTC,110185.35443900425,52854872363.936554,2194453712375.598
2025-08-27 00:00:00,BTC,111842.70999260596,43023800053.0546,2227025695775.593
2025-08-28 00:00:00,BTC,111216.08479629169,36957904262.995804,2215255294289.9937
2025-08-29 00:00:00,BTC,112525.59740669793,34222495087.206894,2239422945686.892
2025-08-30 00:00:00,BTC,108480.30666639366,51702115726.38959,2160278651486.2852
2025-08-31 00:00:00,BTC,108781.95727925687,27799981330.792213,2166165747945.1812
2025-09-01 00:00:00,BTC,108253.36092385623,26140904019.246822,2155694976689.5986
2025-09-02 00:00:00,BTC,109162.68557992298,42999610648.39302,2174100506466.4321
2025-09-03 00:00:00,BTC,111190.18209845416,50235464642.845955,2212595221503.454
2025-09-04 00:00:00,BTC,111711.51977725117,36406080683.42747,2225365905592.233
2025-09-05 00:00:00,BTC,110724.736377486,38708366685.43147,2204051936301.3257
2025-09-06 00:00:00,BTC,110662.18112628513,56020470627.40665,2204045604630.5625
2025-09-07 00:00:00,BTC,110209.1888247784,19340758702.076332,2195288669199.568
2025-09-08 00:00:00,BTC,111131.9923868407,22147049159.335133,2213764479139.3647
2025-09-09 00:00:00,BTC,112025.12878118771,37159847899.8603,2231763512226.867
2025-09-10 00:00:00,BTC,111547.43956434788,45338021458.38368,2222026777598.0474
2025-09-11 00:00:00,BTC,113975.32489468766,52205187155.05567,2270241314652.7144
2025-09-12 00:00:00,BTC,115503.16663193036,43752917632.95067,2299764311655.674
2025-09-13 00:00:00,BTC,116160.14344594491,51192951485.864395,2314347371939.946
2025-09-14 00:00:00,BTC,115970.58488443034,30063858747.76022,2310166037871.29
2025-09-15 00:00:00,BTC,115373.55555886829,26889399414.610912,2297459118244.424
2025-09-16 00:00:00,BTC,115397.25272727509,46947581231.08198,2297977599504.5527
2025-09-17 00:00:00,BTC,116762.8496864193,39964451595.099724,2325326932460.9644
2025-09-18 00:00:00,BTC,116455.94648225319,54740952295.37868,2321583680138.891
2025-09-19 00:00:00,BTC,117145.49508952006,43642467075.25838,2333705338232.097
2025-09-20 00:00:00,BTC,115655.81046441344,34296721252.33001,2303469041668.8
2025-09-21 00:00:00,BTC,115715.51536781774,18774953731.290394,2305371926506.302
2025-09-22 00:00:00,BTC,115304.47999407038,18659113982.495464,2297332085237.645
2025-09-23 00:00:00,BTC,112696.74101711863,69152342029.46799,2245929069310.8535
2025-09-24 00:00:00,BTC,112022.16587861195,46154878824.043465,2232693472656.6514
2025-09-25 00:00:00,BTC,113320.56908541008,46677543220.334526,2257741194218.8286
2025-09-26 00:00:00,BTC,108963.53013595635,74481796351.47305,2171950311711.4429
2025-09-27 00:00:00,BTC,109710.20874667744,55257214020.568245,2185866776171.5464
2025-09-28 00:00:00,BTC,109654.81021075726,23294896964.31016,2185203231301.0562
2025-09-29 00:00:00,BTC,112142.57362752674,31274654338.51212,2235798877396.134
2025-09-30 00:00:00,BTC,114309.15041119447,57833295882.65785,2278362523594.3135
2025-10-01 00:00:00,BTC,114024.22783550054,57718901820.70616,2272137555069.4507
2025-10-02 00:00:00,BTC,118503.24451752483,69920179085.4708,2359569556068.08
2025-10-03 00:00:00,BTC,120611.71911591051,71252850672.75252,2399524207991.5527
2025-10-04 00:00:00,BTC,122250.15186842803,83155430408.51796,2436956902844.7153
2025-10-05 00:00:00,BTC,122380.93708463266,35161626561.80918,2438832157552.7866
2025-10-06 00:00:00,BTC,123506.18520027678,72011486031.26575,2461221856764.1885
2025-10-07 00:00:00,BTC,124773.50823074432,69605991064.72382,2486073086655.2866
2025-10-08 00:00:00,BTC,121518.75593575071,76087884719.80028,2421938444026.2783
2025-10-09 00:00:00,BTC,123352.50487523204,62576032795.36722,2459003621170.118
2025-10-10 00:00:00,BTC,121698.03066778315,72097306668.91356,2423288659157.484
2025-10-11 00:00:00,BTC,113201.74064138904,151002213089.8765,2265659827789.9917
2025-10-12 00:00:00,BTC,110853.11663883903,108643865752.17674,2211404015103.109
2025-10-13 00:00:00,BTC,115189.5714637257,93857100744.12454,2294724465036.9785
2025-10-14 00:00:00,BTC,115222.28302116522,68935270367.04033,2296863527017.9863
2025-10-15 00:00:00,BTC,113156.56943826913,91211854988.91518,2257545230986.0146
2025-10-16 00:00:00,BTC,110708.66960879423,68877328886.40259,2207742082237.0483
2025-10-17 00:00:00,BTC,108076.72862033188,84773160808.27399,2154964541836.455
2025-10-18 00:00:00,BTC,106443.61194984635,94325236794.78163,2123017949517.1426
2025-10-19 00:00:00,BTC,107156.00337647724,34412835719.61292,2135575517405.9185
2025-10-20 00:00:00,BTC,108621.134857428,45373692612.394394,2165367850075.0042
2025-10-21 00:00:00,BTC,110608.5714932665,60452111148.140076,2205571381112.93
2025-10-22 00:00:00,BTC,108486.10262716639,105841401713.00197,2162410619417.9114
2025-10-23 00:00:00,BTC,107618.4266715404,83996418125.93103,2145773248654.6448
2025-10-24 00:00:00,BTC,110048.51827291629,56192643013.57058,2193901841033.9053
2025-10-25 00:00:00,BTC,110997.80437129698,49120903424.344864,2213306367536.756
2025-10-26 00:00:00,BTC,111620.3093731354,23214874411.212166,2224861052775.0015
2025-10-27 00:00:00,BTC,114476.01227508577,42483268634.18711,2283691326423.212
2025-10-28 00:00:00,BTC,114182.79442806762,63764801510.65889,2276235094681.6714
2025-10-29 00:00:00,BTC,112950.34863259472,66299512352.17796,2254003248725.4917
2025-10-30 00:00:00,BTC,110046.66925837283,64235327509.05742,2194746293754.542
2025-10-31 00:00:00,BTC,108240.76528725718,72648897659.94229,2157803742876.0747
2025-11-01 00:00:00,BTC,109573.90555629115,58800487940.5146,2185193896779.3408
2025-11-02 00:00:00,BTC,110014.13556776087,24938475577.849922,2194075979770.0623
2025-11-03 00:00:00,BTC,110650.2092823146,35098774843.7742,2201849942058.28
2025-11-04 00:00:00,BTC,106521.08673825761,75068433317.86293,2123664079961.7026
2025-11-05 00:00:00,BTC,101635.2740227234,108965721650.60309,2026091188341.184
2025-11-06 00:00:00,BTC,103877.95965955159,77083907216.62631,2073000557933.8025
2025-11-07 00:00:00,BTC,101322.6402945857,64118217249.57436,2019147576692.263
2025-11-08 00:00:00,BTC,103396.084215925,93627003785.31018,2063021740892.1375
2025-11-09 00:00:00,BTC,102290.13714655167,51095924202.31797,2039995976869.1492
2025-11-10 00:00:00,BTC,104709.67861656273,59952468437.71812,2086419359800.0503
2025-11-11 00:00:00,BTC,105909.07272321742,67546556819.52642,2112747067951.9028
2025-11-12 00:00:00,BTC,102960.77564500563,71008299178.73956,2053215927640.825
2025-11-13 00:00:00,BTC,101521.70859453593,63332414142.58827,2025837265459.7573
2025-11-14 00:00:00,BTC,99730.4533956204,100463341916.4732,1996168972711.9963
2025-11-15 00:00:00,BTC,94456.39368235337,113198323665.38873,1891799949910.1116
2025-11-16 00:00:00,BTC,95508.31019889197,39062120798.23745,1905234340631.9912
2025-11-17 00:00:00,BTC,94411.32947182967,72645149972.7847,1883240679702.7427
2025-11-18 00:00:00,BTC,92036.7255045672,95794596045.06412,1835458818945.8962
2025-11-19 00:00:00,BTC,92819.75921500899,103837258806.01602,1851234710246.605
2025-11-20 00:00:00,BTC,91363.27838693369,82897875507.45229,1820062799702.324
2025-11-21 00:00:00,BTC,86649.97257918229,99171039191.1295,1731258563683.1287
2025-11-22 00:00:00,BTC,85051.8019295002,135093457122.46469,1697723941246.0479
2025-11-23 00:00:00,BTC,84682.62429147748,42644968955.2184,1690556523055.809
2025-11-24 00:00:00,BTC,86783.84766839583,60446592409.29218,1732233225777.4016
2025-11-25 00:00:00,BTC,88229.35740719768,77606296173.43544,1761564072532.238
2025-11-26 00:00:00,BTC,87310.33159950442,67956444142.18749,1742162762885.542
2025-11-27 00:00:00,BTC,90474.22677969698,69690430587.90018,1806439309544.997
2025-11-28 00:00:00,BTC,91279.06057176423,59295194347.668594,1821778517479.9226
2025-11-29 00:00:00,BTC,90950.37695910994,62833195066.53989,1814919896425.4082
2025-11-30 00:00:00,BTC,90841.45258193677,39253888201.69327,1812771321410.9438
2025-12-01 00:00:00,BTC,90406.28448571145,40334819409.843475,1807818977105.3909
2025-12-02 00:00:00,BTC,86281.49519776918,92988982967.24597,1723547230444.7913
2025-12-03 00:00:00,BTC,91344.73275150165,83138039128.81346,1824843161126.1372
2025-12-04 00:00:00,BTC,93619.43750817103,81429135004.88295,1868050658597.6572
2025-12-05 00:00:00,BTC,92140.70419795791,67878296355.02588,1839369557445.9072
2025-12-06 00:00:00,BTC,89307.09154512963,50193142876.74388,1782798987370.1692
2025-12-07 00:00:00,BTC,89244.7620814118,24818678152.49986,1781194798199.8435
2025-12-08 00:00:00,BTC,90162.90714007126,33912893266.90874,1799656690088.5503
2025-12-09 00:00:00,BTC,90618.0535204608,45466493941.40448,1808394676576.639
2025-12-10 00:00:00,BTC,92723.21372069631,54575121853.64529,1852116289106.247
2025-12-11 00:00:00,BTC,92005.13714957413,52189659395.756485,1837321739746.956
2025-12-12 00:00:00,BTC,92494.17691640415,53232377699.408394,1848922166365.7808
2025-12-13 00:00:00,BTC,90307.26028567803,67750393558.62937,1803244893514.8884
2025-12-14 00:00:00,BTC,90257.4292885891,35222775785.402145,1801496999571.6902
2025-12-15 00:00:00,BTC,88230.77409367911,33808538697.042442,1761380944797.1238
2025-12-16 00:00:00,BTC,86413.9190195637,50630498834.055145,1724624039059.303
2025-12-17 00:00:00,BTC,87821.88919109134,48317754254.70281,1751373602587.6565
2025-12-18 00:00:00,BTC,86064.94716216,48886793507.656334,1718491930388.8372
2025-12-19 00:00:00,BTC,85450.3312009302,58649139178.511856,1704341132953.6216
2025-12-20 00:00:00,BTC,88103.86075721023,51932451056.500565,1759398134896.644
2025-12-21 00:00:00,BTC,88347.94310567998,17103607834.780054,1762805314679.9844
2025-12-22 00:00:00,BTC,88577.42038358838,22541294542.323105,1768920028841.514
2025-12-23 00:00:00,BTC,88491.12020788102,41948947368.210236,1767081210842.8062
2025-12-24 00:00:00,BTC,87406.43636737975,46353794741.509995,1745209464473.6252
2025-12-25 00:00:00,BTC,87642.60888119951,29100645180.040016,1749379166231.2852
2025-12-26 00:00:00,BTC,87229.78066010943,22773603342.32636,1741491085115.601
2025-12-27 00:00:00,BTC,87305.95655961394,47130449135.786705,1743187621561.159
2025-12-28 00:00:00,BTC,87807.003210775,15670944599.660688,1753375412209.345
2025-12-29 00:00:00,BTC,87822.90829076794,17428479525.19913,1753595375313.038
2025-12-30 00:00:00,BTC,87156.56266080117,53957962807.988785,1739794323451.9631
2025-12-31 00:00:00,BTC,88414.62856073362,39734225800.079216,1765833387995.6162
2026-01-01 00:00:00,BTC,87520.18048742875,37245075349.02766,1747837206254.3643
2026-01-02 00:00:00,BTC,88727.67004249741,21163124465.205833,1771365149347.3962
2026-01-03 00:00:00,BTC,89926.27924953419,50705395175.73333,1795890115524.7178
2026-01-04 00:00:00,BTC,90593.85443180417,23480735292.761147,1809211438368.9963
2026-01-05 00:00:00,BTC,91373.21588108438,31050236622.948975,1824986876689.233
2026-01-06 00:00:00,BTC,93926.7956485658,59451605754.8414,1876558232963.0544
2026-01-07 00:00:00,BTC,93666.86387314305,57439451725.50999,1870043996457.1855
2026-01-08 00:00:00,BTC,91257.15544035907,47910812257.04945,1822220317807.3809
2026-01-09 00:00:00,BTC,90983.51578142625,48319133568.469185,1817249307661.4592
2026-01-10 00:00:00,BTC,90504.89560340019,43664879516.319695,1807784901284.322
2026-01-11 00:00:00,BTC,90442.01907847001,13961660357.407768,1806483854865.5005
2026-01-12 00:00:00,BTC,90819.36598904192,19870776213.774654,1814078415941.0112
2026-01-13 00:00:00,BTC,91134.96917951507,46923085427.627655,1820530763450.6675
2026-01-14 00:00:00,BTC,95260.4422971001,66844465446.74208,1902289955573.257
2026-01-15 00:00:00,BTC,97007.78078881276,68433627980.993996,1938292963237.8118
2026-01-16 00:00:00,BTC,95584.82797878512,59629891835.2242,1909227332523.1567
2026-01-17 00:00:00,BTC,95516.07771987123,37208122951.606445,1907673016263.0132
2026-01-18 00:00:00,BTC,95099.53192554631,17839431205.011776,1899912876486.1714
2026-01-19 00:00:00,BTC,93752.70577188236,23132534225.645782,1874976961280.7039
2026-01-20 00:00:00,BTC,92558.46334372147,43338958368.50777,1849232162887.1968
2026-01-21 00:00:00,BTC,88312.84053255555,60578606228.98298,1764030499464.2656
2026-01-22 00:00:00,BTC,89354.34377512129,62357735672.95213,1785123532735.0352
2026-01-23 00:00:00,BTC,89443.39744146909,39301750755.698135,1787014846080.977
2026-01-24 00:00:00,BTC,89412.39849953113,43393369570.58639,1786292506432.339
2026-01-25 00:00:00,BTC,89170.87364531498,16537403154.850498,1781979789713.3386
2026-01-26 00:00:00,BTC,86548.32213469829,39912523619.12114,1731460015137.4014
2026-01-27 00:00:00,BTC,88307.8612070438,50644433646.50017,1764540020523.9114
2026-01-28 00:00:00,BTC,89204.22239644526,43778458930.62677,1782508769730.2656
2026-01-29 00:00:00,BTC,89162.09701574955,45893249753.273575,1781310220302.3276
2026-01-30 00:00:00,BTC,84570.40906135936,70962598615.0189,1689639802554.1016
2026-01-31 00:00:00,BTC,84141.77856967277,79515463845.849,1680807873673.8472
2026-02-01 00:00:00,BTC,78725.85853884545,78488542272.81866,1573735495563.3943
2026-02-02 00:00:00,BTC,76937.06406636834,58330740751.53287,1537520318473.685
2026-02-03 00:00:00,BTC,78767.65815345927,84675130404.55545,1573216672021.9187
2026-02-04 00:00:00,BTC,75638.95670207398,73734215653.24066,1512165605443.8088
2026-02-05 00:00:00,BTC,73172.29203248928,74109194166.40112,1463518712915.32
2026-02-06 00:00:00,BTC,62853.69038445987,142403234254.4544,1262033077144.5305
2026-02-07 00:00:00,BTC,70523.95417035831,128662818793.56021,1410203662656.3728
2026-02-08 00:00:00,BTC,69296.80677355142,68978204828.46071,1385532837702.3442
2026-02-09 00:00:00,BTC,70542.37329463876,42782981463.70375,1411671712614.3147
2026-02-10 00:00:00,BTC,70096.40692272567,56115089203.17752,1400898153463.9268
2026-02-11 00:00:00,BTC,68779.90981269129,43014177103.90287,1374149240710.2896
2026-02-12 00:00:00,BTC,66937.58141157958,54917156057.4172,1337566230010.1792
2026-02-13 00:00:00,BTC,66184.57765470445,47600564765.981926,1322855090692.983
2026-02-14 00:00:00,BTC,68838.87490510389,43307347077.16525,1376029371467.4585
2026-02-15 00:00:00,BTC,69765.59638824302,38886730356.77217,1395185595832.6794
2026-02-16 00:00:00,BTC,68716.58337486399,44139541277.476685,1373546624939.8215
2026-02-17 00:00:00,BTC,68907.78353606178,36789211960.55089,1377439978226.675
2026-02-18 00:00:00,BTC,67489.45540267964,38338996657.38213,1349284955301.9707
2026-02-19 00:00:00,BTC,66456.3537620677,36348385076.441895,1327723958117.1118
2026-02-20 00:00:00,BTC,66918.68417467622,34180839195.07364,1338094580095.8176
2026-02-21 00:00:00,BTC,67970.29403133177,53528257484.904335,1358591334156.9714
2026-02-22 00:00:00,BTC,67977.90904199042,20679811587.418015,1359065859647.3735
2026-02-23 00:00:00,BTC,67585.11718938159,20354767532.065258,1350654423261.9365
2026-02-24 00:00:00,BTC,64577.553200674425,56724400502.91585,1291178509392.7466
2026-02-25 00:00:00,BTC,64074.11098528222,44864477921.16241,1281148417170.2803
2026-02-26 00:00:00,BTC,67947.39185585188,54747624390.78176,1358175414542.9243
2026-02-27 00:00:00,BTC,67469.06040327046,45543276394.82464,1348944333913.3765
2026-02-28 00:00:00,BTC,65883.99096235317,43031961580.21165,1317715385672.9202
2026-03-01 00:00:00,BTC,67008.45435746174,46319353202.33809,1340289147460.5789
2026-03-02 00:00:00,BTC,65713.4989891121,43467491553.81901,1314048555375.68
2026-03-03 00:00:00,BTC,68864.03691918531,60995565405.364334,1377737947309.8953
2026-03-04 00:00:00,BTC,68321.6178484252,52704039830.20494,1367228918356.8262
2026-03-05 00:00:00,BTC,72669.7701652216,81081561357.69708,1453089991035.7456
2026-03-06 00:00:00,BTC,70874.98687140146,55313274475.72516,1417652016603.2668
2026-03-07 00:00:00,BTC,68148.28339966535,46427994894.47989,1364073902597.7644
2026-03-08 00:00:00,BTC,67271.1907777184,24588849466.218872,1345067153653.0642
2026-03-09 00:00:00,BTC,66036.15782362667,35845854760.95391,1321622467264.5437
2026-03-10 00:00:00,BTC,68459.31537095344,52419546997.01177,1369955697970.065
2026-03-11 00:00:00,BTC,69883.00887579883,57031319359.51854,1397516391202.649
2026-03-12 00:00:00,BTC,70226.818790692,48188681300.73879,1405229147518.9683
2026-03-13 00:00:00,BTC,70544.42535461926,43093376170.49169,1411413242207.7595
2026-03-14 00:00:00,BTC,70965.28228600459,62328257621.5837,1419133420991.5525
2026-03-15 00:00:00,BTC,71217.1010283798,23763781398.02588,1424666372555.8494
2026-03-16 00:00:00,BTC,72681.9132538886,29137209887.5333,1453818980888.097
2026-03-17 00:00:00,BTC,74858.14870100339,56424669615.78771,1496606935787.3132
2026-03-18 00:00:00,BTC,73926.27899152413,47796151709.5938,1479034380091.9211
2026-03-19 00:00:00,BTC,71255.86350265636,46235388353.26782,1425248408811.2256
2026-03-20 00:00:00,BTC,69871.4514796119,46069506172.99344,1397132369157.6367
2026-03-21 00:00:00,BTC,70552.62530009366,39288514955.56232,1411553294477.2244
2026-03-22 00:00:00,BTC,68733.54779458739,22788052215.99816,1381324607061.9844
2026-03-23 00:00:00,BTC,67848.87605821833,30380203636.611057,1357220326650.4958
2026-03-24 00:00:00,BTC,70892.82823994374,52502731112.03615,1417921177640.1455
2026-03-25 00:00:00,BTC,70524.51175942823,40395077210.95709,1410852097506.246
2026-03-26 00:00:00,BTC,71309.26403856269,36566429238.80042,1426722276575.147
2026-03-27 00:00:00,BTC,68791.11093800364,52234708975.603966,1375963897395.8403
2026-03-28 00:00:00,BTC,66321.016242762,48874426380.128494,1326110397917.7085
2026-03-29 00:00:00,BTC,66321.06539994745,23637115348.524387,1326978316239.483
2026-03-30 00:00:00,BTC,65970.42899513361,25095464001.894596,1320068534523.2778
2026-03-31 00:00:00,BTC,66699.27436893585,37098483334.61913,1334537611576.0498
2026-04-01 00:00:00,BTC,68231.83047993251,56210727882.161446,1364706648348.3545
2026-04-02 00:00:00,BTC,68089.0553821667,46822039842.98501,1362124061745.4395
2026-04-03 00:00:00,BTC,66891.6645686824,47198627198.56218,1338643103490.4976
2026-04-04 00:00:00,BTC,66939.69121715311,26755680223.76058,1339404819037.8704
2026-04-05 00:00:00,BTC,67304.24955635444,21516550336.856274,1346790078680.91
2026-04-06 00:00:00,BTC,68985.52642694542,26416194024.766064,1380583534920.1562
2026-04-07 00:00:00,BTC,68864.23452757328,45398732027.77202,1378430433268.2437
2026-04-08 00:00:00,BTC,71975.62171045873,54821363017.72348,1439691204997.3042
2026-04-09 00:00:00,BTC,71117.07713411814,42583999503.6708,1423286125223.942
2026-04-10 00:00:00,BTC,71770.7468500515,39293023566.96442,1436399827130.5452
2026-04-11 00:00:00,BTC,72972.70823557042,38358391003.667854,1460609915845.4644
2026-04-12 00:00:00,BTC,73053.88808483821,23868132454.73879,1462802384989.1692
2026-04-13 00:00:00,BTC,70756.75105500016,30101377740.873566,1415861769817.8752
2026-04-14 00:00:00,BTC,74514.63006655,53329034805.473694,1491650187280.6667
2026-04-15 00:00:00,BTC,74181.10807228928,57684799834.52557,1484804385765.1338
2026-04-16 00:00:00,BTC,74833.50639132406,33592871494.555107,1497468161198.8457
2026-04-16 16:07:59,BTC,74780.68818846482,43222037633.929565,1496653985304.9573
2025-04-17 00:00:00,DOGE,0.15471755583387967,811820241.5800865,23025656395.115612
2025-04-18 00:00:00,DOGE,0.15587153787530794,576830755.033105,23201318598.79681
2025-04-19 00:00:00,DOGE,0.15761670017483884,463491541.12553006,23466473789.583706
2025-04-20 00:00:00,DOGE,0.1573112204332398,465683707.3180399,23421890793.07413
2025-04-21 00:00:00,DOGE,0.15502979487902038,627635503.5448277,23087095434.012623
2025-04-22 00:00:00,DOGE,0.15908436227169534,1073037989.6116908,23684115045.127453
2025-04-23 00:00:00,DOGE,0.17846828302254636,1711081936.272815,26545168244.012844
2025-04-24 00:00:00,DOGE,0.178401008327384,1995530473.1645606,26579717496.02347
2025-04-25 00:00:00,DOGE,0.1827667552587444,1582350788.3865557,27250786093.915184
2025-04-26 00:00:00,DOGE,0.18203103968675263,1843701071.9974282,27124340341.544304
2025-04-27 00:00:00,DOGE,0.1818819719415684,1565227653.8490603,27079862224.42596
2025-04-28 00:00:00,DOGE,0.17961827119108673,1169887084.9933372,26768202204.16714
2025-04-29 00:00:00,DOGE,0.17906901640129896,1425140393.9800472,26679443869.89703
2025-04-30 00:00:00,DOGE,0.17439945720299668,1024411673.6699723,25982850293.054985
2025-05-01 00:00:00,DOGE,0.1724103485197474,984673872.4637718,25701826438.560123
2025-05-02 00:00:00,DOGE,0.18070374109047424,1082529407.4818537,26930341143.843082
2025-05-03 00:00:00,DOGE,0.181388087156242,1034181805.0957793,27035739554.81099
2025-05-04 00:00:00,DOGE,0.17576785161701966,588937633.3899407,26198617063.23001
2025-05-05 00:00:00,DOGE,0.17071232656977398,630425272.9600186,25438315886.06924
2025-05-06 00:00:00,DOGE,0.17065490621117071,692750494.2443322,25451467156.19953
2025-05-07 00:00:00,DOGE,0.17232477779627986,858252275.6780319,25705289755.411777
2025-05-08 00:00:00,DOGE,0.17211562672825226,712638970.1262684,25674779020.41389
2025-05-09 00:00:00,DOGE,0.19718642657948848,2184563689.3913965,29420458961.447674
2025-05-10 00:00:00,DOGE,0.20518315482145336,2680468298.856808,30600308505.99836
2025-05-11 00:00:00,DOGE,0.24808618010965436,3646454138.724175,37006177667.7717
2025-05-12 00:00:00,DOGE,0.23156210463126953,3947378387.2038565,34547740638.35008
2025-05-13 00:00:00,DOGE,0.23141813764156494,5064612800.031126,34561842710.43985
2025-05-14 00:00:00,DOGE,0.24063615504965347,3014744188.0036793,35890356994.59683
2025-05-15 00:00:00,DOGE,0.2326880678038404,2454948301.1486807,34731729857.53937
2025-05-16 00:00:00,DOGE,0.2188193912978982,2678224342.760629,32661581229.673786
2025-05-17 00:00:00,DOGE,0.2225780495761936,1958996831.8259764,33231331928.635384
2025-05-18 00:00:00,DOGE,0.21488311590610068,1513815302.0764408,32078446831.646065
2025-05-19 00:00:00,DOGE,0.23064675587556407,2570476559.8316875,34393197336.04474
2025-05-20 00:00:00,DOGE,0.22450514333500976,2376793956.561148,33514267920.599346
2025-05-21 00:00:00,DOGE,0.2262524320952927,1922612443.9864995,33775168048.661053
2025-05-22 00:00:00,DOGE,0.2341442300716922,3004714773.9630966,34975336540.52911
2025-05-23 00:00:00,DOGE,0.24486878935117973,2941230875.1653132,36543465183.708496
2025-05-24 00:00:00,DOGE,0.2256050681389216,3637150461.689047,33699141296.707493
2025-05-25 00:00:00,DOGE,0.22526605771065214,1259477163.8986466,33650993086.402634
2025-05-26 00:00:00,DOGE,0.22410051858731672,1545639564.3810167,33473634384.500397
2025-05-27 00:00:00,DOGE,0.2257235127127771,1143793583.726899,33720067287.935783
2025-05-28 00:00:00,DOGE,0.22613701089072946,1456507542.766112,33785799788.59822
2025-05-29 00:00:00,DOGE,0.22106443772687143,1226851069.773066,33036485544.250744
2025-05-30 00:00:00,DOGE,0.21583653318215457,1584406711.2735288,32255789593.041676
2025-05-31 00:00:00,DOGE,0.19293898362115516,2378183690.790229,28833941358.602425
2025-06-01 00:00:00,DOGE,0.19295707336811818,1504531665.3964663,28832851074.892597
2025-06-02 00:00:00,DOGE,0.19396166511401375,911443941.2315271,29006673700.313576
2025-06-03 00:00:00,DOGE,0.19561462907109173,978658402.706214,29256077816.3805
2025-06-04 00:00:00,DOGE,0.1932015824493309,1022043262.7615937,28890544653.101982
2025-06-05 00:00:00,DOGE,0.18839829903335972,747043585.3475871,28179133110.479073
2025-06-06 00:00:00,DOGE,0.1718712124430595,1685747847.4578166,25707965258.477955
2025-06-07 00:00:00,DOGE,0.1793030276082122,1265730397.487727,26816885117.12925
2025-06-08 00:00:00,DOGE,0.18501664041068297,803511327.8148144,27675258392.52279
2025-06-09 00:00:00,DOGE,0.18422270395966683,678570070.0225133,27555661512.425903
2025-06-10 00:00:00,DOGE,0.19481978852801837,1210257482.7317545,29147106420.01421
2025-06-11 00:00:00,DOGE,0.19785971093017923,1443670215.5619726,29586646385.480976
2025-06-12 00:00:00,DOGE,0.1930335430982705,1615125585.5308516,28877497977.748463
2025-06-13 00:00:00,DOGE,0.18169744621506415,1226127047.8703182,27223347161.07496
2025-06-14 00:00:00,DOGE,0.18013678747049802,1845801962.6252491,26964124795.371246
2025-06-15 00:00:00,DOGE,0.1784162711217158,769990081.9494456,26713671012.167526
2025-06-16 00:00:00,DOGE,0.17577906724677725,738625978.9442667,26317930782.66883
2025-06-17 00:00:00,DOGE,0.17378599934566444,1199123760.8001316,26085591114.39921
2025-06-18 00:00:00,DOGE,0.16993733949907552,1280430419.7646747,25444598270.93267
2025-06-19 00:00:00,DOGE,0.17037971945944577,1049946144.9695418,25507393667.415367
2025-06-20 00:00:00,DOGE,0.17092098070802442,588664783.4255879,25595650404.66957
2025-06-21 00:00:00,DOGE,0.16233193333616464,1237051244.9392583,24308593118.583538
2025-06-22 00:00:00,DOGE,0.15308002215118727,917363601.712149,22900923503.0541
2025-06-23 00:00:00,DOGE,0.15114781788974174,2107400665.563507,22627472217.535885
2025-06-24 00:00:00,DOGE,0.16447256694307244,1476052213.0260837,24642213767.01148
2025-06-25 00:00:00,DOGE,0.16561516104968574,1203882777.0264912,24805507817.44763
2025-06-26 00:00:00,DOGE,0.16448390661542975,920508730.9793873,24645203761.557873
2025-06-27 00:00:00,DOGE,0.1600423291811019,1004177048.9592903,23970055920.15505
2025-06-28 00:00:00,DOGE,0.1610085986478116,689269157.2256726,24125832921.453415
2025-06-29 00:00:00,DOGE,0.1637313288044104,431899971.54874885,24532171454.01609
2025-06-30 00:00:00,DOGE,0.16954760970067637,610468369.8983374,25406787390.717094
2025-07-01 00:00:00,DOGE,0.16513647959219713,945647952.4686167,24751800622.22817
2025-07-02 00:00:00,DOGE,0.1575952425941886,740706410.3175782,23623051834.675014
2025-07-03 00:00:00,DOGE,0.16892581001355808,1296201165.0491905,25328625605.49418
2025-07-04 00:00:00,DOGE,0.17197045822677628,1460263401.587677,25786750120.98995
2025-07-05 00:00:00,DOGE,0.1628779247346829,1166672769.5388994,24420645261.485683
2025-07-06 00:00:00,DOGE,0.16431433970640547,504646523.890461,24640061585.599083
2025-07-07 00:00:00,DOGE,0.1718463077672067,1283597162.6273847,25766029799.43684
2025-07-08 00:00:00,DOGE,0.16786356600618882,1345775650.558815,25165540293.538612
2025-07-09 00:00:00,DOGE,0.17098496244236958,914434551.8923894,25641522579.296265
2025-07-10 00:00:00,DOGE,0.18082547920631353,1840121813.7065063,27152485203.747025
2025-07-11 00:00:00,DOGE,0.19393383510790288,4680808041.302957,29078960216.77345
2025-07-12 00:00:00,DOGE,0.20104732473533218,11922106373.55608,30166820631.87762
2025-07-13 00:00:00,DOGE,0.1969316863516775,4736930630.668871,29548232450.111855
2025-07-14 00:00:00,DOGE,0.1981830429850487,4047927478.517369,29741486928.41557
2025-07-15 00:00:00,DOGE,0.19720159565229248,7958901487.951687,29594179812.646618
2025-07-16 00:00:00,DOGE,0.1988073865760867,6150062246.882272,29792410672.68887
2025-07-17 00:00:00,DOGE,0.21317019869379383,8703908987.238749,32001145359.94545
2025-07-18 00:00:00,DOGE,0.21904854482534883,10686934874.27719,32889395094.371353
2025-07-19 00:00:00,DOGE,0.23623310474250733,22595520295.463337,35439846209.562904
2025-07-20 00:00:00,DOGE,0.24136273371397565,13194109287.318554,36204610445.715965
2025-07-21 00:00:00,DOGE,0.27294634200835066,19568264636.543987,40991383553.3522
2025-07-22 00:00:00,DOGE,0.2712676656637909,19724089022.900936,40733502344.68567
2025-07-23 00:00:00,DOGE,0.26965305868671147,13570193608.69496,40487669061.57009
2025-07-24 00:00:00,DOGE,0.24065455241490835,13277090960.170126,36137069321.204216
2025-07-25 00:00:00,DOGE,0.23175612511358704,13115780350.729208,34797142588.62957
2025-07-26 00:00:00,DOGE,0.23648246833968434,10617550354.59215,35519294456.5258
2025-07-27 00:00:00,DOGE,0.23580457484737566,2550054072.1875014,35429692150.38888
2025-07-28 00:00:00,DOGE,0.24051648808122306,2320603450.9149795,36152403387.71565
2025-07-29 00:00:00,DOGE,0.2251397569003692,3724637353.297932,33929150743.176254
2025-07-30 00:00:00,DOGE,0.22343167438710165,2278033222.709292,33549045657.114204
2025-07-31 00:00:00,DOGE,0.2203174498049267,2167890918.319192,33066932447.72133
2025-08-01 00:00:00,DOGE,0.2096463144206449,1805683883.5123882,31526025321.554695
2025-08-02 00:00:00,DOGE,0.2010203069750151,3428039994.5355105,30231874356.680836
2025-08-03 00:00:00,DOGE,0.1916269540469158,2210274745.363327,28882793410.111366
2025-08-04 00:00:00,DOGE,0.19886328779242604,1336955076.0650904,29900860825.737633
2025-08-05 00:00:00,DOGE,0.210479556777086,1782468201.5756187,31670060362.72394
2025-08-06 00:00:00,DOGE,0.1996421893552106,1463965752.726498,30047384671.162437
2025-08-07 00:00:00,DOGE,0.20524481678624307,1137499719.461071,30865821107.269722
2025-08-08 00:00:00,DOGE,0.22242594906092986,1915221615.4491138,33455136711.014084
2025-08-09 00:00:00,DOGE,0.23035201883070147,2514417767.505087,34646916521.967964
2025-08-10 00:00:00,DOGE,0.24079107603339342,2862262009.5341763,36227066784.67707
2025-08-11 00:00:00,DOGE,0.2339151503650981,2105690993.7302308,35168371695.401855
2025-08-12 00:00:00,DOGE,0.22279669505434282,2650792083.358086,33496880094.120926
2025-08-13 00:00:00,DOGE,0.23628639605846,2434867946.673603,35535037246.777435
2025-08-14 00:00:00,DOGE,0.24549919437970946,3743269059.856254,36947749049.64795
2025-08-15 00:00:00,DOGE,0.22418991808567507,5195154170.928724,33757164948.471878
2025-08-16 00:00:00,DOGE,0.22821263671130274,4256951653.8378463,34345153406.863113
2025-08-17 00:00:00,DOGE,0.23101920616038357,2650090531.492213,34771081095.047455
2025-08-18 00:00:00,DOGE,0.23543563785814955,2391323803.13488,35452903348.14972
2025-08-19 00:00:00,DOGE,0.22246056482373594,3164132782.1462517,33478282489.925827
2025-08-20 00:00:00,DOGE,0.20911047499485522,2846325133.964973,31573443104.15069
2025-08-21 00:00:00,DOGE,0.2215865077683421,3185686320.838252,33387849292.39222
2025-08-22 00:00:00,DOGE,0.2146036803461823,2104104384.2466068,32260557805.55944
2025-08-23 00:00:00,DOGE,0.24061883556812297,4456223342.6748,36227745500.387924
2025-08-24 00:00:00,DOGE,0.2359037954047403,2481978240.0255656,35513608232.83256
2025-08-25 00:00:00,DOGE,0.2317500228704948,3119480075.408564,34951792081.27878
2025-08-26 00:00:00,DOGE,0.20977485568918428,3209114651.504627,31632558732.54899
2025-08-27 00:00:00,DOGE,0.21848182440389716,2156426666.2800384,32916880510.861656
2025-08-28 00:00:00,DOGE,0.2194773258086598,2129501447.3323112,33080353873.51445
2025-08-29 00:00:00,DOGE,0.22436553868912731,1798100079.4822326,33816305759.52067
2025-08-30 00:00:00,DOGE,0.21412824594263147,2262984917.085615,32276659317.000565
2025-08-31 00:00:00,DOGE,0.2158248863195881,953490709.0340126,32538294439.509605
2025-09-01 00:00:00,DOGE,0.2138121881539986,980742706.5821915,32224320280.031105
2025-09-02 00:00:00,DOGE,0.21012014689720937,2610554715.582383,31677339106.6562
2025-09-03 00:00:00,DOGE,0.21481484336477316,1960119906.0495563,32372803711.979324
2025-09-04 00:00:00,DOGE,0.22060869712158182,1644323428.7362218,33255648476.04051
2025-09-05 00:00:00,DOGE,0.21248433246322776,1348159815.400276,32048275139.63678
2025-09-06 00:00:00,DOGE,0.21790522280347202,2080964319.0678818,32875780028.216713
2025-09-07 00:00:00,DOGE,0.2160115789297136,1109021902.7686205,32608992087.21966
2025-09-08 00:00:00,DOGE,0.22849209307593296,1803098275.17244,34458314811.968834
2025-09-09 00:00:00,DOGE,0.24204451984067996,3499691101.119174,36577754981.82949
2025-09-10 00:00:00,DOGE,0.24093291427061306,3983679513.3099904,36350917047.21883
2025-09-11 00:00:00,DOGE,0.24543876456428945,2768174631.6824803,37030135377.325455
2025-09-12 00:00:00,DOGE,0.25568309955896135,3698334549.8680463,38606584437.57269
2025-09-13 00:00:00,DOGE,0.27551364279954654,4346151545.9657545,41560744374.04719
2025-09-14 00:00:00,DOGE,0.28938440733977444,8814134295.680807,43675899265.001114
2025-09-15 00:00:00,DOGE,0.2784558102769998,5536012339.200093,42023527524.17705
2025-09-16 00:00:00,DOGE,0.2685387946986924,5596117361.866423,40481930858.13581
2025-09-17 00:00:00,DOGE,0.2696531218328301,4041455928.527943,40724280359.04452
2025-09-18 00:00:00,DOGE,0.282117441910369,4796448210.873294,42573398342.37777
2025-09-19 00:00:00,DOGE,0.2787643266477094,4321656784.85898,42069107470.46425
2025-09-20 00:00:00,DOGE,0.26530671371919323,3277904141.6950765,40032519025.96664
2025-09-21 00:00:00,DOGE,0.26755567404153896,1792202405.1960874,40392731465.23334
2025-09-22 00:00:00,DOGE,0.2613348265545181,1734698906.3081462,39469421979.68826
2025-09-23 00:00:00,DOGE,0.24128386887273082,5203576972.387224,36450831846.15457
2025-09-24 00:00:00,DOGE,0.23761019733597175,2774165344.545794,35926678207.284225
2025-09-25 00:00:00,DOGE,0.2407374057852932,3202133565.311215,36364461609.58091
2025-09-26 00:00:00,DOGE,0.22239388412703953,4145472954.1742296,33580397207.15773
2025-09-27 00:00:00,DOGE,0.2324576489429464,2901374244.867177,35109246575.3974
2025-09-28 00:00:00,DOGE,0.2308267057962403,1270819090.2145033,34891694710.61898
2025-09-29 00:00:00,DOGE,0.2373584240120973,1503357189.300699,35868313143.92856
2025-09-30 00:00:00,DOGE,0.23517093556073534,2294600863.467682,35551798520.39877
2025-10-01 00:00:00,DOGE,0.2327703853015738,2028125144.741923,35172909747.73517
2025-10-02 00:00:00,DOGE,0.24806693017750128,2779083637.1088796,37470683028.53003
2025-10-03 00:00:00,DOGE,0.2617674571494343,3461397003.0761466,39504530110.505844
2025-10-04 00:00:00,DOGE,0.2585990689382798,3163596710.6928363,39150786619.10633
2025-10-05 00:00:00,DOGE,0.25088714295062026,1913004411.6609137,37926155713.5251
2025-10-06 00:00:00,DOGE,0.25296284027536836,3110470554.8030787,38276799495.93508
2025-10-07 00:00:00,DOGE,0.2663063497515599,3799101519.920578,40286449215.784775
2025-10-08 00:00:00,DOGE,0.2474019998363525,3858405947.0936546,37412345062.14425
2025-10-09 00:00:00,DOGE,0.2554779705215659,2833194614.214027,38655239791.687355
2025-10-10 00:00:00,DOGE,0.24844379648914036,2920843495.681609,37569869673.972694
2025-10-11 00:00:00,DOGE,0.19398560680787477,8100992365.578244,29363865692.185787
2025-10-12 00:00:00,DOGE,0.18563301824171755,6261439168.809738,28084908607.39155
2025-10-13 00:00:00,DOGE,0.20753659744853606,4841592543.587542,31345487239.03009
2025-10-14 00:00:00,DOGE,0.21394989838012946,4517341896.36684,32374799370.765778
2025-10-15 00:00:00,DOGE,0.20468099791201283,4523252918.613466,30986175598.735664
2025-10-16 00:00:00,DOGE,0.196125970301963,2627147443.7439065,29692979906.518795
2025-10-17 00:00:00,DOGE,0.1882065213549952,3241355827.074683,28520346231.548283
2025-10-18 00:00:00,DOGE,0.18491410819207602,3111350004.410424,28017566647.82695
2025-10-19 00:00:00,DOGE,0.18954325759734506,1190809147.2150729,28692773109.21963
2025-10-20 00:00:00,DOGE,0.19520501124976605,1874656604.6280694,29533652475.4517
2025-10-21 00:00:00,DOGE,0.19996595879779044,1988836300.0409455,30284357031.020576
2025-10-22 00:00:00,DOGE,0.19449991155015053,2606141928.3068,29450097902.36554
2025-10-23 00:00:00,DOGE,0.19001323956155677,2371226307.507437,28767067809.38771
2025-10-24 00:00:00,DOGE,0.19477691026790134,1629446544.6487563,29488219173.49132
2025-10-25 00:00:00,DOGE,0.19764132779850196,1406384513.7077901,29926607273.09465
2025-10-26 00:00:00,DOGE,0.1965943046754672,1075226620.2515786,29791835674.394855
2025-10-27 00:00:00,DOGE,0.20584151036172318,1581145815.6572616,31177195854.827175
2025-10-28 00:00:00,DOGE,0.20052168840914944,1848345428.0483458,30389994293.074062
2025-10-29 00:00:00,DOGE,0.19376247597702617,2597073599.5679064,29375890794.953537
2025-10-30 00:00:00,DOGE,0.19235527078076486,2375728222.566507,29154497445.540794
2025-10-31 00:00:00,DOGE,0.18266494236534228,2891292517.566665,27655387152.44982
2025-11-01 00:00:00,DOGE,0.18645789100238466,1466701649.803549,28270346086.30853
2025-11-02 00:00:00,DOGE,0.18727035305980386,789950913.1850047,28385376679.87382
2025-11-03 00:00:00,DOGE,0.18638051983144605,900673677.7260317,28218955647.02002
2025-11-04 00:00:00,DOGE,0.167088259411484,3426878777.3470144,25336884829.70697
2025-11-05 00:00:00,DOGE,0.16288015004301348,4512763314.77479,24676012349.410652
2025-11-06 00:00:00,DOGE,0.16736363848179914,2113003898.9125488,25421797393.49717
2025-11-07 00:00:00,DOGE,0.1611765350860604,1761191836.4377356,24434456868.769108
2025-11-08 00:00:00,DOGE,0.1789825325849445,2851625365.5900655,27158752621.111706
2025-11-09 00:00:00,DOGE,0.17626014280423438,2106413764.2230885,26740900247.53942
2025-11-10 00:00:00,DOGE,0.17908925000194684,1521006933.2410104,27159758818.996647
2025-11-11 00:00:00,DOGE,0.18201794457446172,2095025563.8574345,27601153911.05326
2025-11-12 00:00:00,DOGE,0.17195486145155725,1988978371.391877,26107321339.172913
2025-11-13 00:00:00,DOGE,0.16994324383769366,1713240661.560612,25773145509.49191
2025-11-14 00:00:00,DOGE,0.16419843945294735,2562744822.687431,24989238193.576595
2025-11-15 00:00:00,DOGE,0.15788017890783018,2934556865.1146245,24008527946.64763
2025-11-16 00:00:00,DOGE,0.16317232050926925,1223449546.6316926,24765800250.47409
2025-11-17 00:00:00,DOGE,0.158885342685653,1692258688.5815175,24118731180.68003
2025-11-18 00:00:00,DOGE,0.1517259112655674,2717616379.7304535,23031169353.10367
2025-11-19 00:00:00,DOGE,0.16157155927313305,2393557029.342254,24521371650.922966
2025-11-20 00:00:00,DOGE,0.15417594591610392,2189972407.907937,23389140168.370922
2025-11-21 00:00:00,DOGE,0.14936991802723154,2468814238.2201114,22733496999.72067
2025-11-22 00:00:00,DOGE,0.14013650514225232,3589044220.798609,21288544527.96837
2025-11-23 00:00:00,DOGE,0.14033744565020795,1492192275.7281125,21314789548.66435
2025-11-24 00:00:00,DOGE,0.14503697936177498,1306921819.1593063,22053236403.160934
2025-11-25 00:00:00,DOGE,0.15186545225017462,1856045680.0088677,23089427379.15303
2025-11-26 00:00:00,DOGE,0.153133415915494,1547034401.0443873,23270745093.40436
2025-11-27 00:00:00,DOGE,0.15477076595978345,1513151991.0229554,23508484016.77175
2025-11-28 00:00:00,DOGE,0.15276775634393502,920734455.2144679,23203200520.3155
2025-11-29 00:00:00,DOGE,0.15031711838482992,1272576836.807874,22842767964.213512
2025-11-30 00:00:00,DOGE,0.14857021850589083,653723151.0664574,22577795232.48095
2025-12-01 00:00:00,DOGE,0.1466972817557756,721432628.5486178,22324219999.010845
2025-12-02 00:00:00,DOGE,0.13577829077263187,1969111942.4169123,20658116371.75227
2025-12-03 00:00:00,DOGE,0.14610777122799323,1467716733.3996437,22209073249.121815
2025-12-04 00:00:00,DOGE,0.1519490079014202,1463453403.0980887,23100432979.459904
2025-12-05 00:00:00,DOGE,0.14750673884052382,1199996534.8057668,22428151481.101757
2025-12-06 00:00:00,DOGE,0.1395574899025586,1214940408.8488455,22548272065.293034
2025-12-07 00:00:00,DOGE,0.13961195908450463,665841222.598522,22555438196.971268
2025-12-08 00:00:00,DOGE,0.13819070715307746,1063844819.6406808,22338189280.324684
2025-12-09 00:00:00,DOGE,0.14257837526799885,1129204428.9511545,23037183522.375736
2025-12-10 00:00:00,DOGE,0.14814206543382394,1718540912.263944,22553650958.07186
2025-12-11 00:00:00,DOGE,0.1435711895887641,1447500678.612225,21868056509.76656
2025-12-12 00:00:00,DOGE,0.1404521990424531,1496443910.4202259,21382924712.712284
2025-12-13 00:00:00,DOGE,0.1369938792828775,1073821005.3000586,20854289796.007717
2025-12-14 00:00:00,DOGE,0.1391364520130514,507076566.20012134,23358085957.923992
2025-12-15 00:00:00,DOGE,0.1342511327270273,832606252.9814545,22519273408.36393
2025-12-16 00:00:00,DOGE,0.1296670313047204,1316670944.9694571,21762468674.75188
2025-12-17 00:00:00,DOGE,0.13163341300230058,1055650226.5846183,20021103530.783386
2025-12-18 00:00:00,DOGE,0.12617529888873202,1340216870.5505364,19202480281.543976
2025-12-19 00:00:00,DOGE,0.12198946840416328,1757030418.0158772,18560752110.516983
2025-12-20 00:00:00,DOGE,0.13223152145074435,1468906026.8405657,22220787800.77784
2025-12-21 00:00:00,DOGE,0.13196089899121477,517883479.213873,22164022300.85405
2025-12-22 00:00:00,DOGE,0.13107332764314425,637658360.8216943,22020292354.991695
2025-12-23 00:00:00,DOGE,0.1324352250363626,1076904263.4595106,22243949792.367107
2025-12-24 00:00:00,DOGE,0.12928287561180404,936274179.5466805,21721580397.54718
2025-12-25 00:00:00,DOGE,0.12854637499400673,606433366.9428862,21597836573.729675
2025-12-26 00:00:00,DOGE,0.1234735692376755,719527790.079642,18808927675.24632
2025-12-27 00:00:00,DOGE,0.12199701828520598,1092602992.6854556,18578288456.70482
2025-12-28 00:00:00,DOGE,0.12427372973988156,497107048.1218145,20885288408.507973
2025-12-29 00:00:00,DOGE,0.12385595413327449,473196468.44849706,20814514139.879044
2025-12-30 00:00:00,DOGE,0.12271386178229453,1061416930.683591,20626508050.22613
2025-12-31 00:00:00,DOGE,0.1232611486337809,906778692.2955539,20710065590.206562
2026-01-01 00:00:00,DOGE,0.11728672656235732,1007820054.8179834,19713328746.151676
2026-01-02 00:00:00,DOGE,0.1266112971022498,1300858443.793732,21279039392.246357
2026-01-03 00:00:00,DOGE,0.14153587561690467,3157651397.334022,23814630743.355232
2026-01-04 00:00:00,DOGE,0.14302827593489156,1551881204.1109443,24070556817.148827
2026-01-05 00:00:00,DOGE,0.14924315542751718,2334478146.095094,25084489227.153645
2026-01-06 00:00:00,DOGE,0.1519393256021509,2070348594.2398338,25583937359.507473
2026-01-07 00:00:00,DOGE,0.15067949515748766,2198136226.9361835,25343866351.58175
2026-01-08 00:00:00,DOGE,0.14618070296026994,1434882082.205344,24587528575.049706
2026-01-09 00:00:00,DOGE,0.14198298288524971,1588958622.0678587,23886896871.98139
2026-01-10 00:00:00,DOGE,0.14049286062279476,1221485941.0304425,23635071775.130913
2026-01-11 00:00:00,DOGE,0.13956550382681582,443153260.9392499,21290566236.93448
2026-01-12 00:00:00,DOGE,0.13762170063565354,769733483.6176198,23154078291.64577
2026-01-13 00:00:00,DOGE,0.13657612595384463,1282979688.4430864,22987264609.37311
2026-01-14 00:00:00,DOGE,0.14775768523242752,1795687445.1508782,24868119644.37002
2026-01-15 00:00:00,DOGE,0.14717593171884386,1715558937.285555,24771743560.60274
2026-01-16 00:00:00,DOGE,0.13999017295875318,1477102786.953857,23558918163.280094
2026-01-17 00:00:00,DOGE,0.13803590837513685,1331984168.8187118,23230196980.60805
2026-01-18 00:00:00,DOGE,0.1377750977423629,579609198.7088249,23187082271.991787
2026-01-19 00:00:00,DOGE,0.13205020983220853,769812737.7247313,22278398329.936348
2026-01-20 00:00:00,DOGE,0.12913260545675517,1895947016.68821,21762952560.80257
2026-01-21 00:00:00,DOGE,0.1232505409033576,1210321126.2257624,20752897839.496906
2026-01-22 00:00:00,DOGE,0.12644451176398563,1518701620.2713366,21298322630.011242
2026-01-23 00:00:00,DOGE,0.12415563067569813,767476355.9029032,20900438856.328594
2026-01-24 00:00:00,DOGE,0.12459272073883498,834701811.5708479,20974090789.369133
2026-01-25 00:00:00,DOGE,0.12407396440823537,345124746.0165281,20890295389.845135
2026-01-26 00:00:00,DOGE,0.11928718890285936,974724398.8980706,20087179616.17877
2026-01-27 00:00:00,DOGE,0.12234335135625338,1075145356.1210701,20600811193.22603
2026-01-28 00:00:00,DOGE,0.126058502608312,1049583014.561851,21243999709.884617
2026-01-29 00:00:00,DOGE,0.12488805275945465,1000570363.163675,21046248365.892105
2026-01-30 00:00:00,DOGE,0.11710772670706057,1741317203.3263252,19735342275.599613
2026-01-31 00:00:00,DOGE,0.11570615704260108,1669905331.352712,19502011492.368946
2026-02-01 00:00:00,DOGE,0.10391816890451142,2749642215.501718,17501719548.82245
2026-02-02 00:00:00,DOGE,0.10446571067651927,1575804137.1201124,17607238710.016655
2026-02-03 00:00:00,DOGE,0.10791475617863952,2071984392.3646946,18204555166.48805
2026-02-04 00:00:00,DOGE,0.10558766312015572,2014318853.1480677,17807358031.1625
2026-02-05 00:00:00,DOGE,0.10407129714856796,1708915274.9465678,17544251905.78636
2026-02-06 00:00:00,DOGE,0.08853350658392219,3404168488.660444,14986221767.709341
2026-02-07 00:00:00,DOGE,0.09851068367968456,3172530832.486354,16622000197.380789
2026-02-08 00:00:00,DOGE,0.09828204802987388,1654308178.2965865,16571103119.92134
2026-02-09 00:00:00,DOGE,0.09679508755158638,835334406.4252865,16319290931.03155
2026-02-10 00:00:00,DOGE,0.09612223186470982,1000106276.1541272,16223010119.76905
2026-02-11 00:00:00,DOGE,0.0926891019115639,841784485.8419981,15634576714.711824
2026-02-12 00:00:00,DOGE,0.09098504799968382,1068360377.0398524,15340680850.579348
2026-02-13 00:00:00,DOGE,0.09297230134330874,886907418.7294163,15681783024.889603
2026-02-14 00:00:00,DOGE,0.09648780963693444,889716923.2091713,16285836367.97211
2026-02-15 00:00:00,DOGE,0.11102387044534862,1715743837.0708518,18717840286.544537
2026-02-16 00:00:00,DOGE,0.10263274360387378,2653592914.957005,17311981787.75793
2026-02-17 00:00:00,DOGE,0.10101283473720928,1243781182.3286667,17044722807.4643
2026-02-18 00:00:00,DOGE,0.10065712113902656,993938216.1421916,16984318102.236073
2026-02-19 00:00:00,DOGE,0.0984655266513993,746755391.6199518,16608096822.03215
2026-02-20 00:00:00,DOGE,0.09826304027116836,834502669.2904996,16583433305.601046
2026-02-21 00:00:00,DOGE,0.10008076429796753,1145555551.4943995,16885477871.173698
2026-02-22 00:00:00,DOGE,0.09852639805510928,505655657.6196845,16637829240.084732
2026-02-23 00:00:00,DOGE,0.09524627651516329,540837896.9966838,16075825018.038004
2026-02-24 00:00:00,DOGE,0.09259698111404983,1104239561.8084035,15634827227.692663
2026-02-25 00:00:00,DOGE,0.0914313497566651,843999895.0416377,15436991010.217192
2026-02-26 00:00:00,DOGE,0.10040550652510143,1849354951.672553,16915064026.03401
2026-02-27 00:00:00,DOGE,0.09706278741592801,1147885739.8302946,16394948893.650871
2026-02-28 00:00:00,DOGE,0.09333407883760456,1015488718.6713424,15762397469.18251
2026-03-01 00:00:00,DOGE,0.09409555390986618,1597457259.1465123,15893998788.810455
2026-03-02 00:00:00,DOGE,0.09190272619858843,1338065093.2226324,15527506410.577696
2026-03-03 00:00:00,DOGE,0.09359787766200474,1317555718.857931,15812131393.119196
2026-03-04 00:00:00,DOGE,0.09006591141967334,1449162579.5209005,15227867955.114555
2026-03-05 00:00:00,DOGE,0.09917644037818434,2772877221.6497636,15208950563.602037
2026-03-06 00:00:00,DOGE,0.09356671480114738,1428681419.719546,14342030579.053644
2026-03-07 00:00:00,DOGE,0.09128746316658029,1069811333.9697644,14000768783.18267
2026-03-08 00:00:00,DOGE,0.08996188597992184,571922987.8957489,13792483260.328676
2026-03-09 00:00:00,DOGE,0.08913118184470159,947943257.7872636,13667924802.550127
2026-03-10 00:00:00,DOGE,0.09034133754844273,1211829017.18788,13857737645.10512
2026-03-11 00:00:00,DOGE,0.09453933298078705,2150234569.972325,14500132344.558931
2026-03-12 00:00:00,DOGE,0.09294838106012036,1363350683.6014001,14264142654.093006
2026-03-13 00:00:00,DOGE,0.09478629417354649,1061134751.8074538,14537639809.767626
2026-03-14 00:00:00,DOGE,0.09591239936172402,1953221153.199699,14712179575.482723
2026-03-15 00:00:00,DOGE,0.09596437643209395,773194929.8377726,14718687417.035076
2026-03-16 00:00:00,DOGE,0.09732538404585027,957875616.4630834,14930562906.368444
2026-03-17 00:00:00,DOGE,0.10331818856883287,2433277628.3124814,15853513271.965378
2026-03-18 00:00:00,DOGE,0.10022225595452286,1440308560.5619106,15383323619.329086
2026-03-19 00:00:00,DOGE,0.09512193972476529,1502793373.238432,14595722668.172096
2026-03-20 00:00:00,DOGE,0.09344159710524043,944414861.2639986,14332741516.95562
2026-03-21 00:00:00,DOGE,0.09418522447756913,712450796.6824714,14453916532.765175
2026-03-22 00:00:00,DOGE,0.09241239080289568,458730646.24142045,14207090916.82465
2026-03-23 00:00:00,DOGE,0.09017500800359304,969800393.4537609,13847419732.929821
2026-03-24 00:00:00,DOGE,0.09398523720476562,1585016699.1474662,14428909580.741117
2026-03-25 00:00:00,DOGE,0.0951115437096713,1022788808.4892381,14600971809.018545
2026-03-26 00:00:00,DOGE,0.09599706406824654,1166411433.3885124,14738778801.486286
2026-03-27 00:00:00,DOGE,0.09199232617364651,1212787051.0429983,14121087048.674417
2026-03-28 00:00:00,DOGE,0.09004403853917814,866879870.9680676,13824768350.416542
2026-03-29 00:00:00,DOGE,0.09083113630486371,1010102105.1318864,13949240156.16272
2026-03-30 00:00:00,DOGE,0.0903745048785108,764363938.4440379,13884301057.48804
2026-03-31 00:00:00,DOGE,0.09068548027161676,1136020526.630887,13932002060.698029
2026-04-01 00:00:00,DOGE,0.09214078308511245,1056876608.1046382,14148821695.422508
2026-04-02 00:00:00,DOGE,0.09230023392201143,982935052.2663145,14182730257.303596
2026-04-03 00:00:00,DOGE,0.09034614796897832,1002096071.3062661,13885123612.901587
2026-04-04 00:00:00,DOGE,0.09156002686470996,681824270.9134516,14067675146.840797
2026-04-05 00:00:00,DOGE,0.09195931613318098,458781886.7140555,14131521759.911066
2026-04-06 00:00:00,DOGE,0.09219425272812062,625907439.8854619,14172247266.037727
2026-04-07 00:00:00,DOGE,0.09059384779644834,1067933023.2368929,13925772354.542692
2026-04-08 00:00:00,DOGE,0.09527212505403887,1443687428.2000577,14663660947.67045
2026-04-09 00:00:00,DOGE,0.09236630916641947,1347451991.4928832,14216435958.612656
2026-04-10 00:00:00,DOGE,0.09253492552724309,1392566436.2128613,14226296656.284996
2026-04-11 00:00:00,DOGE,0.09372860644586083,1247173638.095145,14406833035.372293
2026-04-12 00:00:00,DOGE,0.09304473758167307,955571456.2511475,14309494075.551552
2026-04-13 00:00:00,DOGE,0.0908280107420861,1181294586.2410245,13962533347.330307
2026-04-14 00:00:00,DOGE,0.0940578596876677,1443559143.9094503,14465726765.67091
2026-04-15 00:00:00,DOGE,0.0930252261939517,2198834056.8260684,14303723808.504065
2026-04-16 00:00:00,DOGE,0.09494201108556082,1236203309.81303,14600515724.46854
2026-04-16 16:09:26,DOGE,0.09770100226278591,2175657694.4304223,15017061963.908812
2025-04-17 00:00:00,ETH,1577.7073516760117,13120084885.866234,190419833063.11868
2025-04-18 00:00:00,ETH,1583.4764497002345,9437178720.867388,191135638825.23685
2025-04-19 00:00:00,ETH,1589.1516208270755,5254078676.877919,191865697060.91525
2025-04-20 00:00:00,ETH,1615.0502549158562,5148626529.402773,194945047366.35382
2025-04-21 00:00:00,ETH,1585.4600253443446,6695768150.024456,191374869502.39386
2025-04-22 00:00:00,ETH,1577.4465595922347,15275062279.387148,190376888818.46906
2025-04-23 00:00:00,ETH,1759.7064599311093,24271980430.95098,212582611840.14056
2025-04-24 00:00:00,ETH,1793.969849485534,22099177230.61867,216572719914.54987
2025-04-25 00:00:00,ETH,1769.3925107354407,12923295609.972548,213593284213.58224
2025-04-26 00:00:00,ETH,1788.7981804331257,15656748328.784924,215954892518.00418
2025-04-27 00:00:00,ETH,1821.2695303291391,10293614895.776522,219830529458.7114
2025-04-28 00:00:00,ETH,1793.6918440730135,9632458065.106846,216533502206.27112
2025-04-29 00:00:00,ETH,1799.50191449199,16777384305.88931,217264115049.6792
2025-04-30 00:00:00,ETH,1796.9720456768928,13994558644.11867,216596941729.71945
2025-05-01 00:00:00,ETH,1794.0495408617828,13644627083.285889,216623334477.08453
2025-05-02 00:00:00,ETH,1838.8543285925753,14310565589.052694,221969602979.55032
2025-05-03 00:00:00,ETH,1841.427590836958,11686301446.49476,222269022299.2824
2025-05-04 00:00:00,ETH,1834.501911876416,6704990478.824657,221494950784.02625
2025-05-05 00:00:00,ETH,1808.156093844096,7479845748.828526,218216268630.8664
2025-05-06 00:00:00,ETH,1820.0044598893596,10545233503.347864,219769896301.20087
2025-05-07 00:00:00,ETH,1816.1686943818438,11950393736.527246,219305875804.55966
2025-05-08 00:00:00,ETH,1810.3169269284476,47111217119.49919,218569578701.42172
2025-05-09 00:00:00,ETH,2197.5611893238784,35992825075.05399,264994998215.9445
2025-05-10 00:00:00,ETH,2341.407963002621,44566779461.54657,282636716534.08844
2025-05-11 00:00:00,ETH,2583.6829051429513,29947910159.02891,312095621694.1442
2025-05-12 00:00:00,ETH,2507.4693107597423,26138286410.23315,302727255563.5134
2025-05-13 00:00:00,ETH,2492.426391077375,31524626114.978752,300976824863.0343
2025-05-14 00:00:00,ETH,2676.639163127913,32279895881.637806,322977150438.36176
2025-05-15 00:00:00,ETH,2603.7180887199615,28150234190.931705,314022060127.0501
2025-05-16 00:00:00,ETH,2542.296692466797,26211434557.7159,306933361055.9317
2025-05-17 00:00:00,ETH,2544.3870377235667,21130441534.96637,307619694635.7725
2025-05-18 00:00:00,ETH,2475.0543933696913,17185510890.702347,298789831687.0011
2025-05-19 00:00:00,ETH,2465.3409856139087,24797434472.364086,296863390804.2497
2025-05-20 00:00:00,ETH,2526.989643891319,25363871274.82505,305077067863.0779
2025-05-21 00:00:00,ETH,2524.2743433146065,22871462735.416794,304737250158.37354
2025-05-22 00:00:00,ETH,2558.9502343769486,32697477527.54695,308934701949.7151
2025-05-23 00:00:00,ETH,2657.1674447566115,29592612076.505535,320733890913.39886
2025-05-24 00:00:00,ETH,2519.813809045145,30047329191.503662,304038733414.03973
2025-05-25 00:00:00,ETH,2529.4429842284353,10744994421.192684,305369227833.4215
2025-05-26 00:00:00,ETH,2546.6201163370915,13814697849.726278,307423642894.0653
2025-05-27 00:00:00,ETH,2562.1729286392238,13350148034.293623,309319360637.78375
2025-05-28 00:00:00,ETH,2662.0940568241435,26434151855.253853,321357595434.52185
2025-05-29 00:00:00,ETH,2676.2674124507,18008588586.284103,323119009777.13904
2025-05-30 00:00:00,ETH,2633.1392065286695,27021441335.5195,317891224562.8813
2025-05-31 00:00:00,ETH,2524.4762348050726,22927149330.30469,304659964725.2192
2025-06-01 00:00:00,ETH,2532.3627853090866,13006751258.18768,305718505778.76434
2025-06-02 00:00:00,ETH,2538.3300584367485,11338340571.11249,306561765778.2403
2025-06-03 00:00:00,ETH,2609.737253959435,15623967732.418657,314999579353.95825
2025-06-04 00:00:00,ETH,2595.4689570062997,15955008730.338179,313315832347.0171
2025-06-05 00:00:00,ETH,2610.343189828259,16809606446.176416,315159803382.89014
2025-06-06 00:00:00,ETH,2421.601103763502,25849573159.64817,292341916400.9464
2025-06-07 00:00:00,ETH,2481.4039836690267,18395107930.47655,299560106673.7574
2025-06-08 00:00:00,ETH,2526.291995889778,9535426814.691927,304953508465.0457
2025-06-09 00:00:00,ETH,2508.784123584585,10206893115.537256,302870081038.261
2025-06-10 00:00:00,ETH,2685.0001850413178,19485734665.28548,324315565109.11993
2025-06-11 00:00:00,ETH,2808.503208314919,38281210143.95115,339012253954.4242
2025-06-12 00:00:00,ETH,2776.1371915822333,27369030837.548595,334990282503.402
2025-06-13 00:00:00,ETH,2653.158968452672,26068993569.969894,320595535562.5316
2025-06-14 00:00:00,ETH,2577.04861752583,38576471746.00814,311111352117.7261
2025-06-15 00:00:00,ETH,2534.0702195359518,12077031034.291521,306048481935.1591
2025-06-16 00:00:00,ETH,2547.8456040920437,11678912429.510712,307537228689.2678
2025-06-17 00:00:00,ETH,2561.329843569428,24222149649.172424,309982828015.90594
2025-06-18 00:00:00,ETH,2514.986700576147,25926506708.040215,303697873489.69434
2025-06-19 00:00:00,ETH,2521.3334233964915,17800721253.243202,304290652058.44
2025-06-20 00:00:00,ETH,2522.1791903642184,10392473841.155851,304481216643.1207
2025-06-21 00:00:00,ETH,2405.695434213183,20482816663.29469,290401843920.2328
2025-06-22 00:00:00,ETH,2270.581996055585,16155611764.84833,273839538572.25955
2025-06-23 00:00:00,ETH,2227.4287266371684,28181442532.315876,268777741291.43988
2025-06-24 00:00:00,ETH,2423.899644268608,25494295400.420887,292612668627.3885
2025-06-25 00:00:00,ETH,2446.539301545049,19669025068.963604,295402538889.65454
2025-06-26 00:00:00,ETH,2417.2267855277296,15513055665.262428,291827501114.87933
2025-06-27 00:00:00,ETH,2415.031864876594,16271811388.723804,291547094716.2168
2025-06-28 00:00:00,ETH,2423.0302896731746,13100825617.816572,292419308271.8665
2025-06-29 00:00:00,ETH,2437.133001780241,5787313890.541637,294208600645.2538
2025-06-30 00:00:00,ETH,2502.6672721177083,10236257918.833096,302158279316.21674
2025-07-01 00:00:00,ETH,2488.190781689803,16306915984.938057,300388851494.49866
2025-07-02 00:00:00,ETH,2405.1045592800183,12933967031.524443,290294455719.4809
2025-07-03 00:00:00,ETH,2574.067718495133,21862573614.17975,310930535640.4307
2025-07-04 00:00:00,ETH,2590.132231590221,19823369642.62606,312621047413.045
2025-07-05 00:00:00,ETH,2509.236345783362,16377116416.187033,302827514359.61035
2025-07-06 00:00:00,ETH,2517.37917835065,6801276942.284494,304028836772.5733
2025-07-07 00:00:00,ETH,2571.358192115984,9051659015.949968,310345645222.7514
2025-07-08 00:00:00,ETH,2543.6317028067488,15947822897.049152,307013209348.5054
2025-07-09 00:00:00,ETH,2615.7759888945047,14750377128.581295,315738597830.34283
2025-07-10 00:00:00,ETH,2772.5795626609174,26626246774.244656,335050165487.70404
2025-07-11 00:00:00,ETH,2948.4462027029053,39308824585.23128,355346738000.49475
2025-07-12 00:00:00,ETH,2958.8514450990992,42455550664.554665,357144054434.9151
2025-07-13 00:00:00,ETH,2942.9616055388096,17472135946.60354,355216449018.5163
2025-07-14 00:00:00,ETH,2974.2654952333387,18605172049.087772,359110100026.3572
2025-07-15 00:00:00,ETH,3012.1797069059276,41336421998.04408,363606274489.50854
2025-07-16 00:00:00,ETH,3133.069857747011,43416230283.76601,378233206915.81635
2025-07-17 00:00:00,ETH,3368.126521526108,54882159731.0286,406599729410.5382
2025-07-18 00:00:00,ETH,3481.8828152374017,45678965280.66659,420347293649.25085
2025-07-19 00:00:00,ETH,3547.317079001209,72535524453.98022,427841866746.5711
2025-07-20 00:00:00,ETH,3594.3185010809702,27017909119.384834,433877664505.94135
2025-07-21 00:00:00,ETH,3758.605581813957,55175056732.09093,453825859015.21515
2025-07-22 00:00:00,ETH,3765.453624023574,47245582310.60992,454513156113.6638
2025-07-23 00:00:00,ETH,3746.9406687316323,52357062545.19388,452355960897.77356
2025-07-24 00:00:00,ETH,3630.053531480921,47655045407.89862,438111570682.8548
2025-07-25 00:00:00,ETH,3708.4299352383423,47332291813.01175,447620332487.87305
2025-07-26 00:00:00,ETH,3723.0529092785596,48622472830.12327,449379722345.43585
2025-07-27 00:00:00,ETH,3742.4314258659915,25352434514.72998,451746443518.379
2025-07-28 00:00:00,ETH,3864.1248374654765,26045280361.31318,466077664312.2753
2025-07-29 00:00:00,ETH,3786.303845995956,38743589826.42135,457680388920.6686
2025-07-30 00:00:00,ETH,3788.5983716058226,34923369443.87463,457213828532.1186
2025-07-31 00:00:00,ETH,3807.4166010824188,28710848449.745983,459449027043.4022
2025-08-01 00:00:00,ETH,3696.6628530851194,31312115686.896267,446264222707.4442
2025-08-02 00:00:00,ETH,3483.1789551579504,42431734230.15089,420327732498.14484
2025-08-03 00:00:00,ETH,3397.4855484143177,28164675444.895985,410229849339.571
2025-08-04 00:00:00,ETH,3497.573127822404,18338718249.174084,422223994717.4719
2025-08-05 00:00:00,ETH,3715.7090148550706,28536476594.95387,448517239894.4303
2025-08-06 00:00:00,ETH,3612.442432236669,29411744198.367584,436373875222.1905
2025-08-07 00:00:00,ETH,3684.0459195726726,23256150904.877857,444737780081.9074
2025-08-08 00:00:00,ETH,3911.2609462690816,31981627910.70641,471838906504.6792
2025-08-09 00:00:00,ETH,4012.97697001236,37861934037.3479,484483868122.1773
2025-08-10 00:00:00,ETH,4265.563258333516,37686735734.66866,514414914903.2612
2025-08-11 00:00:00,ETH,4253.591618951185,26481154882.304214,513073639261.6181
2025-08-12 00:00:00,ETH,4228.824213261163,43010572110.88258,510225780028.6237
2025-08-13 00:00:00,ETH,4606.809427709522,52840297700.59488,556502855391.5187
2025-08-14 00:00:00,ETH,4763.652535322159,58870844448.59354,575091067506.1215
2025-08-15 00:00:00,ETH,4554.291501538621,66924319529.18441,551514703070.4648
2025-08-16 00:00:00,ETH,4430.532465017841,50038927770.639565,534578587192.13434
2025-08-17 00:00:00,ETH,4426.826913311333,21104759591.061535,534150282399.6513
2025-08-18 00:00:00,ETH,4487.118013759226,28100356151.382523,541923097741.9142
2025-08-19 00:00:00,ETH,4317.2757573282315,43935703176.22011,520793172158.0575
2025-08-20 00:00:00,ETH,4074.495786100515,41626342123.38552,491872355111.46844
2025-08-21 00:00:00,ETH,4330.491598768078,39857177022.84433,523004794309.38104
2025-08-22 00:00:00,ETH,4224.438592580698,21703206731.83165,509951239220.54224
2025-08-23 00:00:00,ETH,4829.225541798332,61856673933.04883,582817007170.4178
2025-08-24 00:00:00,ETH,4773.884088598777,27814037595.094646,576242312916.0488
2025-08-25 00:00:00,ETH,4778.10916071381,41157770217.98017,577227233251.8729
2025-08-26 00:00:00,ETH,4381.626176071471,48217069690.885376,529509245849.7141
2025-08-27 00:00:00,ETH,4602.369685333965,35263906282.176544,555061696726.733
2025-08-28 00:00:00,ETH,4500.1451479982325,35898825608.295586,543608856125.4653
2025-08-29 00:00:00,ETH,4507.560431032719,29189873860.227936,543249516158.12427
2025-08-30 00:00:00,ETH,4364.358521430426,38006835596.328514,526830870964.3115
2025-08-31 00:00:00,ETH,4373.360357620914,19199178188.100254,527539496668.2519
2025-09-01 00:00:00,ETH,4388.931464519364,22269795530.723904,529740073153.04834
2025-09-02 00:00:00,ETH,4303.202222745541,31725195638.84437,519534784996.7176
2025-09-03 00:00:00,ETH,4325.856306225941,32990260980.341236,521450862214.85895
2025-09-04 00:00:00,ETH,4449.8670977283255,30818352470.84173,537549763927.1384
2025-09-05 00:00:00,ETH,4298.094660544595,29893273380.076374,519319443328.1493
2025-09-06 00:00:00,ETH,4306.613513100346,37950930494.82325,519830732357.0378
2025-09-07 00:00:00,ETH,4273.110024157841,14497961323.191992,515852185188.91895
2025-09-08 00:00:00,ETH,4304.032421076036,14920604279.616674,519663340480.02106
2025-09-09 00:00:00,ETH,4309.685702772004,26393884729.75394,519912892077.1541
2025-09-10 00:00:00,ETH,4309.342746120013,28408982228.170376,520461727067.3641
2025-09-11 00:00:00,ETH,4347.476803670656,34848418445.62599,524803924739.0028
2025-09-12 00:00:00,ETH,4459.31901599882,33593064568.960487,538261336997.6129
2025-09-13 00:00:00,ETH,4708.841744149995,39138140052.58744,567724477218.3574
2025-09-14 00:00:00,ETH,4667.699652630318,30452117451.68358,563397805739.7904
2025-09-15 00:00:00,ETH,4609.786110950785,23827529566.903904,556354045428.2224
2025-09-16 00:00:00,ETH,4524.244939102515,33863743706.690956,545926863107.31946
2025-09-17 00:00:00,ETH,4504.266635522813,28053763147.05997,543407922913.00836
2025-09-18 00:00:00,ETH,4591.768794331328,41727122821.76891,554600592896.1794
2025-09-19 00:00:00,ETH,4590.6367372135155,29381752919.13096,554210013387.6136
2025-09-20 00:00:00,ETH,4470.479474009387,28156319659.26727,539242810184.06946
2025-09-21 00:00:00,ETH,4481.799472368209,14314030981.454111,540941822331.27405
2025-09-22 00:00:00,ETH,4452.87113037789,15910684640.581882,537406899904.3973
2025-09-23 00:00:00,ETH,4199.951774017639,52988093949.58233,507148578276.2705
2025-09-24 00:00:00,ETH,4166.1905498775295,29902684711.810097,503209949445.43353
2025-09-25 00:00:00,ETH,4148.65682762035,29988924904.58222,500734284408.361
2025-09-26 00:00:00,ETH,3863.0632875907245,63461265827.195854,466825639887.3833
2025-09-27 00:00:00,ETH,4037.0979210260916,43443403793.85234,486889364203.26996
2025-09-28 00:00:00,ETH,4018.167453105732,17011629273.367075,485207355886.1105
2025-09-29 00:00:00,ETH,4141.839664086501,21656522951.624653,499628731251.1227
2025-09-30 00:00:00,ETH,4215.61278947927,34604598514.675,508909498092.11896
2025-10-01 00:00:00,ETH,4144.230463371581,34013325290.49775,500218841768.296
2025-10-02 00:00:00,ETH,4343.951983440489,42741046618.56157,524308225825.147
2025-10-03 00:00:00,ETH,4484.006245909478,41104321433.11955,540553843152.3364
2025-10-04 00:00:00,ETH,4515.759068159723,45970576945.09693,545075315730.44794
2025-10-05 00:00:00,ETH,4487.706651673285,20597928707.86516,541611848322.7991
2025-10-06 00:00:00,ETH,4515.321391965295,40355486904.311195,545075062109.96124
2025-10-07 00:00:00,ETH,4689.131734746596,41164885082.65789,566339901682.9528
2025-10-08 00:00:00,ETH,4454.32846286666,49804861778.9329,537522914209.85065
2025-10-09 00:00:00,ETH,4527.578004547945,36623453162.8216,546454608029.64813
2025-10-10 00:00:00,ETH,4368.649439385323,42731695438.879875,527213250874.5829
2025-10-11 00:00:00,ETH,3835.632842050135,90784076986.425,463578765352.86365
2025-10-12 00:00:00,ETH,3749.218185954949,54140013164.198265,453043143808.8669
2025-10-13 00:00:00,ETH,4159.729307791921,57642806541.61372,501175375996.802
2025-10-14 00:00:00,ETH,4246.217461554773,46426992105.166855,512317800004.74445
2025-10-15 00:00:00,ETH,4128.888447033946,62876294833.97642,498801738230.5064
2025-10-16 00:00:00,ETH,3983.1544356894233,44806571765.16941,480502921991.1765
2025-10-17 00:00:00,ETH,3890.1993012479857,44673230678.7307,469582926617.41595
2025-10-18 00:00:00,ETH,3831.244175835675,52519500424.67195,462727285553.6246
2025-10-19 00:00:00,ETH,3889.4990302043157,19845543405.385517,469204461222.8663
2025-10-20 00:00:00,ETH,3985.0765644046796,29233928200.2202,480734836101.83966
2025-10-21 00:00:00,ETH,3978.7901551344357,35767064768.00727,480395580826.9953
2025-10-22 00:00:00,ETH,3877.4871979550117,46069514674.15889,467810730089.432
2025-10-23 00:00:00,ETH,3801.7907952382916,41712359613.706055,458856134706.02246
2025-10-24 00:00:00,ETH,3855.8421162401205,32116755772.61905,465361564940.0126
2025-10-25 00:00:00,ETH,3933.232269901015,30026152396.570248,474759372126.45776
2025-10-26 00:00:00,ETH,3952.213557935584,12389144280.82482,477319399731.4925
2025-10-27 00:00:00,ETH,4161.590896249249,25813518444.008472,502918445052.51886
2025-10-28 00:00:00,ETH,4123.206220671679,36948961061.03095,497221249584.5864
2025-10-29 00:00:00,ETH,3982.3127893175442,35659878225.70066,481161348044.65594
2025-10-30 00:00:00,ETH,3897.359267616961,33522381291.769722,470349941761.83514
2025-10-31 00:00:00,ETH,3802.2953645331804,36685058456.47925,458793317252.3975
2025-11-01 00:00:00,ETH,3847.298177365196,32814597904.07948,464417354244.41925
2025-11-02 00:00:00,ETH,3872.2118961957594,12518543682.642963,467387016348.6048
2025-11-03 00:00:00,ETH,3910.0947691627284,15511617607.50217,471549372393.21094
2025-11-04 00:00:00,ETH,3600.71550248779,47914058739.68866,434149656995.1001
2025-11-05 00:00:00,ETH,3296.7437604313104,68784285690.87129,397489340792.3503
2025-11-06 00:00:00,ETH,3427.6905913706814,44374527842.85683,413918683595.6081
2025-11-07 00:00:00,ETH,3308.918164921951,33880974985.82207,399007356776.52936
2025-11-08 00:00:00,ETH,3434.3512285299594,38972602140.84989,414691375367.5941
2025-11-09 00:00:00,ETH,3401.4594003397083,20876971421.901554,410599145957.86835
2025-11-10 00:00:00,ETH,3576.2547046627064,25994213654.36895,431294295578.2351
2025-11-11 00:00:00,ETH,3564.6105957999334,31866555691.672695,430271977432.51276
2025-11-12 00:00:00,ETH,3416.781328259322,36501187500.23736,411969837331.5966
2025-11-13 00:00:00,ETH,3409.6144555411624,31722707429.919136,411695018306.39923
2025-11-14 00:00:00,ETH,3235.7276362968546,47957135381.43061,392354946592.3496
2025-11-15 00:00:00,ETH,3106.601287865052,45035057857.22528,376914348602.9677
2025-11-16 00:00:00,ETH,3170.1129807404664,19159039393.797318,382460593691.1359
2025-11-17 00:00:00,ETH,3101.686799467,30332766567.569996,374435480317.1664
2025-11-18 00:00:00,ETH,3021.3021576301335,39723178401.3899,364584346775.1596
2025-11-19 00:00:00,ETH,3117.2225871583155,40531057646.65946,375944681644.45795
2025-11-20 00:00:00,ETH,3017.7483614097955,39173261740.03148,363582387251.9456
2025-11-21 00:00:00,ETH,2832.068358334293,41625324784.96392,342850824587.94714
2025-11-22 00:00:00,ETH,2764.735218675169,49920072209.17851,333838550169.9107
2025-11-23 00:00:00,ETH,2768.6178294996353,15277324087.122278,334406681065.5302
2025-11-24 00:00:00,ETH,2799.8149340924633,20170660685.078762,338053142179.2997
2025-11-25 00:00:00,ETH,2953.327645752226,32699089921.17828,357075035362.9083
2025-11-26 00:00:00,ETH,2955.046469321271,23359001752.780495,356667974212.06213
2025-11-27 00:00:00,ETH,3027.477249132549,21096541004.26908,365169111971.85614
2025-11-28 00:00:00,ETH,3015.6118196920934,16563145331.437607,364039549664.8285
2025-11-29 00:00:00,ETH,3033.135645414151,20184482703.163284,366085841851.63794
2025-11-30 00:00:00,ETH,2991.2330117032593,12634811464.603792,361028197396.32526
2025-12-01 00:00:00,ETH,2992.8341859495977,11969903297.072994,361717332403.24976
2025-12-02 00:00:00,ETH,2799.0367919901605,37491168510.09445,338070271128.47876
2025-12-03 00:00:00,ETH,2995.751149322771,27518473791.0893,362328288750.46765
2025-12-04 00:00:00,ETH,3195.4089919085554,30631265956.32816,385765592436.29456
2025-12-05 00:00:00,ETH,3133.698235618616,27914236368.18745,378383036980.8902
2025-12-06 00:00:00,ETH,3022.6564205232035,27606937714.571938,365052689720.72375
2025-12-07 00:00:00,ETH,3039.358573133242,11344831475.877346,366786121380.61804
2025-12-08 00:00:00,ETH,3052.976330436545,19363787894.936527,368370755428.0437
2025-12-09 00:00:00,ETH,3125.321462183988,25795397174.943024,377375140776.36505
2025-12-10 00:00:00,ETH,3322.469217836626,34333058805.569298,401258190140.9822
2025-12-11 00:00:00,ETH,3326.260211637518,31463676851.579826,401626272710.5994
2025-12-12 00:00:00,ETH,3236.0986208578574,29805046870.5563,390987823733.6906
2025-12-13 00:00:00,ETH,3085.316694358101,25083388430.41613,372579486045.7623
2025-12-14 00:00:00,ETH,3115.225428835284,10086309656.917572,375945831930.448
2025-12-15 00:00:00,ETH,3065.4912355563642,17335964454.11176,369527922358.0662
2025-12-16 00:00:00,ETH,2964.488557692104,30596317990.005627,357786162656.10895
2025-12-17 00:00:00,ETH,2964.2627915054686,25164041190.99286,357203725063.4325
2025-12-18 00:00:00,ETH,2827.8041755024283,26836168118.615532,341276921875.79224
2025-12-19 00:00:00,ETH,2826.5948465107654,30216518962.55933,340860880536.8325
2025-12-20 00:00:00,ETH,2976.796869557769,28622463845.69733,359446094628.4511
2025-12-21 00:00:00,ETH,2977.162263207443,9046978663.974163,359186900440.0731
2025-12-22 00:00:00,ETH,3001.6008377810244,11543764853.447407,362519624877.1173
2025-12-23 00:00:00,ETH,3005.786780691547,21151887764.71905,362935746891.54517
2025-12-24 00:00:00,ETH,2965.193660040505,23108092257.350555,357776430595.61365
2025-12-25 00:00:00,ETH,2945.9878145019857,14559942619.27862,355561429533.282
2025-12-26 00:00:00,ETH,2904.252344599994,11886240841.229004,350482502400.1858
2025-12-27 00:00:00,ETH,2926.695639112761,19054108852.23608,353065144652.60986
2025-12-28 00:00:00,ETH,2948.8621262576116,7543851649.166359,355905880030.65027
2025-12-29 00:00:00,ETH,2947.8597605720547,9618433974.572294,355840750170.65576
2025-12-30 00:00:00,ETH,2934.215601758931,28073445244.481457,354107974761.1568
2025-12-31 00:00:00,ETH,2970.055474481003,18029693561.070618,358439004174.8074
2026-01-01 00:00:00,ETH,2966.7741798134107,16641494487.095573,358047402285.7328
2026-01-02 00:00:00,ETH,3000.4191168879165,10247591868.396807,362099985541.6034
2026-01-03 00:00:00,ETH,3121.9006724537576,25946903012.673847,376770956000.15674
2026-01-04 00:00:00,ETH,3126.041091396286,12643882377.41065,377099111945.0166
2026-01-05 00:00:00,ETH,3139.057041912684,14200482273.251047,378922486584.18475
2026-01-06 00:00:00,ETH,3228.2962247842056,29465114559.519062,389933475562.2665
2026-01-07 00:00:00,ETH,3295.101927879638,28511408890.511658,397608381234.7261
2026-01-08 00:00:00,ETH,3164.794750249208,22954348981.589577,381974224305.5651
2026-01-09 00:00:00,ETH,3104.220322474917,21609631690.502533,374637574706.1186
2026-01-10 00:00:00,ETH,3083.1361173724354,19574607996.93425,372149000810.8756
2026-01-11 00:00:00,ETH,3082.9653288303607,5878919562.197727,372186920089.48895
2026-01-12 00:00:00,ETH,3119.3619360372772,10976584243.860346,376488796661.5709
2026-01-13 00:00:00,ETH,3090.2827206647894,21435545247.17046,373050228025.3664
2026-01-14 00:00:00,ETH,3319.9354070565078,35290013880.99956,400762250132.68756
2026-01-15 00:00:00,ETH,3356.4964063628336,34009585603.430943,405103415124.21326
2026-01-16 00:00:00,ETH,3318.2037023491666,29777568895.58042,400452010716.34735
2026-01-17 00:00:00,ETH,3296.062650076136,24378384071.00059,397812097503.19434
2026-01-18 00:00:00,ETH,3306.8712226908783,11391111157.284075,399282930965.6771
2026-01-19 00:00:00,ETH,3284.3194316465483,14974443677.834782,396399594662.77765
2026-01-20 00:00:00,ETH,3185.6644636922747,29820379988.891647,384410444146.86456
2026-01-21 00:00:00,ETH,2935.6234193160412,34750583222.71903,354099948267.15643
2026-01-22 00:00:00,ETH,2976.0491465641335,37121407320.265114,359040539115.96747
2026-01-23 00:00:00,ETH,2948.277889615024,22312421297.363728,355853612997.0337
2026-01-24 00:00:00,ETH,2950.9128485703054,22825744038.274715,356101993294.33496
2026-01-25 00:00:00,ETH,2949.197384616335,9410994743.450907,356007725632.75543
2026-01-26 00:00:00,ETH,2814.1853835458546,23388699485.203304,339890716407.5777
2026-01-27 00:00:00,ETH,2927.836546921288,31319240379.377583,353726198245.0733
2026-01-28 00:00:00,ETH,3021.091516998928,28728856609.94036,364796970141.98334
2026-01-29 00:00:00,ETH,3006.8071129555346,23451982502.82752,362995505292.5032
2026-01-30 00:00:00,ETH,2818.817890220326,37820864892.228645,340223818598.2187
2026-01-31 00:00:00,ETH,2702.40799526457,41803190280.20533,326260413678.2401
2026-02-01 00:00:00,ETH,2443.9290245632774,48591221287.94092,294721167713.188
2026-02-02 00:00:00,ETH,2269.3288518651166,41592993667.771126,273917533154.59314
2026-02-03 00:00:00,ETH,2344.512261445349,51461557534.321014,282937489226.0722
2026-02-04 00:00:00,ETH,2226.985635575225,47572474187.92975,268883359333.4935
2026-02-05 00:00:00,ETH,2152.0870116729375,45329629877.16246,259876828100.02466
2026-02-06 00:00:00,ETH,1820.5693215574129,56436780638.71162,222173472032.49194
2026-02-07 00:00:00,ETH,2060.7349645674162,65078857952.97811,248748810142.69376
2026-02-08 00:00:00,ETH,2091.040353689534,40809475718.479546,252512585445.0919
2026-02-09 00:00:00,ETH,2095.1305644770564,19286038988.323254,253245483591.40662
2026-02-10 00:00:00,ETH,2104.4577921908335,25731465365.115547,253911548161.0788
2026-02-11 00:00:00,ETH,2018.9237788543585,23450565532.755688,243588125385.22418
2026-02-12 00:00:00,ETH,1939.4321739711042,23726060466.889244,234040160527.6989
2026-02-13 00:00:00,ETH,1945.7351413092624,20191974576.36766,234801316580.30408
2026-02-14 00:00:00,ETH,2047.3626742531244,20594568667.212955,247095469776.81912
2026-02-15 00:00:00,ETH,2085.5236826118394,16091018722.533241,251943149870.57593
2026-02-16 00:00:00,ETH,1963.9572853026268,31079407276.992832,237059805728.8081
2026-02-17 00:00:00,ETH,2000.6104432030938,19705943204.54316,241437650925.12573
2026-02-18 00:00:00,ETH,1992.004854467171,21432577907.82225,240295806016.11963
2026-02-19 00:00:00,ETH,1954.7534951528544,19828649642.21613,235735616203.12518
2026-02-20 00:00:00,ETH,1946.9092613594232,19134139969.172134,235006669215.33435
2026-02-21 00:00:00,ETH,1967.8121148578189,21428203502.98199,237381191118.92096
2026-02-22 00:00:00,ETH,1973.6643315860636,10481601460.735386,238204433973.60416
2026-02-23 00:00:00,ETH,1954.1913563168575,10142077738.794188,235501329876.95392
2026-02-24 00:00:00,ETH,1853.695790383818,31366211602.76786,223731652427.76767
2026-02-25 00:00:00,ETH,1852.8102933693347,19343806620.90055,223610046968.4375
2026-02-26 00:00:00,ETH,2053.1886740789387,26646705598.64601,247536737253.7812
2026-02-27 00:00:00,ETH,2027.3015182289616,23012726588.17416,244470152452.73337
2026-02-28 00:00:00,ETH,1931.3205870910035,21664624267.05581,233144085915.65958
2026-03-01 00:00:00,ETH,1965.036620141305,22174654477.74997,237260462029.16663
2026-03-02 00:00:00,ETH,1938.411487707785,22612368031.39022,233982481666.26425
2026-03-03 00:00:00,ETH,2029.443994398502,25981401238.01784,245115922455.21896
2026-03-04 00:00:00,ETH,1982.4582786533451,23812766657.95574,239664309988.1716
2026-03-05 00:00:00,ETH,2125.8345858015964,34189044586.860294,256536391246.6736
2026-03-06 00:00:00,ETH,2074.5222481851615,22447894281.234646,250411621366.98474
2026-03-07 00:00:00,ETH,1980.7782841320018,19315502583.71804,239165082328.51263
2026-03-08 00:00:00,ETH,1969.6937981965013,9708504242.945522,237705413185.15485
2026-03-09 00:00:00,ETH,1938.6249253514961,16256963053.691586,234130530358.1918
2026-03-10 00:00:00,ETH,1992.355228734493,23948772987.557167,240568829023.63785
2026-03-11 00:00:00,ETH,2035.2089486782504,24001624664.90548,245646280321.6054
2026-03-12 00:00:00,ETH,2051.7311684113824,19128555868.09481,247646084116.33203
2026-03-13 00:00:00,ETH,2076.5162283684745,20100511777.3683,250636874415.3797
2026-03-14 00:00:00,ETH,2093.00633968562,28482320998.799824,252501564143.83582
2026-03-15 00:00:00,ETH,2096.556369062344,9282981861.045782,253100179300.2875
2026-03-16 00:00:00,ETH,2175.059915408281,14747913813.60742,262512054941.10397
2026-03-17 00:00:00,ETH,2351.172929558985,37734375007.812355,283735615158.5437
2026-03-18 00:00:00,ETH,2318.1196031651903,24944176216.695835,279844075617.11676
2026-03-19 00:00:00,ETH,2203.380058379178,24417846816.558723,266107991165.40198
2026-03-20 00:00:00,ETH,2137.450038431429,24108916783.710667,258058898457.4955
2026-03-21 00:00:00,ETH,2146.971987874902,16150931145.105274,259208652759.6241
2026-03-22 00:00:00,ETH,2078.0492129718186,8184480973.487277,251826217028.40793
2026-03-23 00:00:00,ETH,2053.1449566818205,15324406138.541382,247825857616.28088
2026-03-24 00:00:00,ETH,2151.498274966905,28068766677.710217,259554597861.1581
2026-03-25 00:00:00,ETH,2155.6817607237,17313748265.95867,260196677160.7846
2026-03-26 00:00:00,ETH,2168.2595767488515,16105449679.631647,261686587476.22174
2026-03-27 00:00:00,ETH,2059.332619583916,17644048977.134975,248549670710.29474
2026-03-28 00:00:00,ETH,1991.9001004362854,18794766454.176136,240350263112.52786
2026-03-29 00:00:00,ETH,1992.7681119939894,7979293174.014605,240522260218.70126
2026-03-30 00:00:00,ETH,1983.184167632635,10326299594.555487,239326397494.90433
2026-03-31 00:00:00,ETH,2023.82401658508,17467477810.849476,244309802342.48956
2026-04-01 00:00:00,ETH,2104.8765857093113,21496491501.1208,254040532514.3724
2026-04-02 00:00:00,ETH,2139.0578887146285,18985751706.48486,258116059272.45245
2026-04-03 00:00:00,ETH,2056.8902960008427,18107142808.132233,248300421924.8768
2026-04-04 00:00:00,ETH,2053.6088145168164,10901803576.733706,247829585497.51974
2026-04-05 00:00:00,ETH,2064.9940579142453,6614766426.338903,249240961118.02728
2026-04-06 00:00:00,ETH,2109.005555869251,10308136462.203756,254592970362.67072
2026-04-07 00:00:00,ETH,2107.828320222534,17715610730.53405,254578699899.6768
2026-04-08 00:00:00,ETH,2241.8159903072574,21326991149.979954,270468163882.67227
2026-04-09 00:00:00,ETH,2190.478568186725,21125273662.90435,264371759670.03903
2026-04-10 00:00:00,ETH,2188.9744265525896,17278828176.633224,264230455241.25476
2026-04-11 00:00:00,ETH,2245.0457222392993,16110889862.863766,270956686144.31454
2026-04-12 00:00:00,ETH,2285.4701387600003,11696324641.23899,275866964719.991
2026-04-13 00:00:00,ETH,2192.1608453362987,14967971355.94253,264544626755.8191
2026-04-14 00:00:00,ETH,2371.8632958349403,23820082860.198566,286322430134.9875
2026-04-15 00:00:00,ETH,2323.217827319875,24070653200.686302,280391279509.0663
2026-04-16 00:00:00,ETH,2359.683410161545,17326838284.48319,284827964173.4559
2026-04-16 16:08:14,ETH,2342.1690506134314,19543827373.546078,282576046576.3396
2025-04-17 00:00:00,SOL,131.4761427933663,5101503918.076568,67870163137.17048
2025-04-18 00:00:00,SOL,134.6151648808524,4018737660.8549724,69481783520.11879
2025-04-19 00:00:00,SOL,133.9760882871713,2480801560.1936097,69200358044.81024
2025-04-20 00:00:00,SOL,139.64248014652355,2834667466.059489,72126425869.29272
2025-04-21 00:00:00,SOL,137.6315829179827,3092429798.991093,71115714800.43887
2025-04-22 00:00:00,SOL,136.3303974884886,4783795038.828256,70377196884.15381
2025-04-23 00:00:00,SOL,148.80397504642707,5472749483.478719,76994272929.58481
2025-04-24 00:00:00,SOL,150.9999108899842,5423865832.324091,78136958296.32701
2025-04-25 00:00:00,SOL,152.3299363576059,4515150018.575274,78834813870.53423
2025-04-26 00:00:00,SOL,150.92008896105446,5066838746.453711,78095157984.68939
2025-04-27 00:00:00,SOL,149.14633083954075,2422656520.389346,77171380425.34795
2025-04-28 00:00:00,SOL,148.2466719511348,2296538427.6507287,76723146261.05916
2025-04-29 00:00:00,SOL,147.99083303267335,4344220983.973297,76624350441.35915
2025-04-30 00:00:00,SOL,146.49305755147196,3236163761.820636,75781317345.75404
2025-05-01 00:00:00,SOL,147.73348327834748,3339352715.472854,76523027843.31308
2025-05-02 00:00:00,SOL,150.76046702861854,3739901458.503681,78031497674.26257
2025-05-03 00:00:00,SOL,147.97213909446802,3193090564.1996865,76659566565.3345
2025-05-04 00:00:00,SOL,146.79754814764868,1777312803.7801025,76050416304.2383
2025-05-05 00:00:00,SOL,143.9823040324787,1839075329.597307,74610364597.26736
2025-05-06 00:00:00,SOL,146.81070557078957,2594552533.4757075,76081780962.32152
2025-05-07 00:00:00,SOL,146.90938773866714,3138354742.93678,76171920683.02298
2025-05-08 00:00:00,SOL,147.20059726659957,4811988060.661323,76417534983.0677
2025-05-09 00:00:00,SOL,163.41627317514832,7618036777.599004,84778096844.96829
2025-05-10 00:00:00,SOL,172.6970765026263,8703440319.327112,89635021353.66832
2025-05-11 00:00:00,SOL,177.3428319704922,4641291512.67865,92013963177.5248
2025-05-12 00:00:00,SOL,172.85779222329435,4733142340.016698,89780630397.80266
2025-05-13 00:00:00,SOL,174.41950190990173,8002629811.569619,90653796121.97777
2025-05-14 00:00:00,SOL,184.05379777179434,6287498118.264789,95581040460.8069
2025-05-15 00:00:00,SOL,176.45507175799847,5807895946.602451,91672812384.26955
2025-05-16 00:00:00,SOL,168.75269732863256,5419257075.786196,87703070136.71524
2025-05-17 00:00:00,SOL,167.76812404954248,4389549581.69855,87324065441.59238
2025-05-18 00:00:00,SOL,165.9394166641985,3269429713.7712717,86258046849.37544
2025-05-19 00:00:00,SOL,171.54067495745267,4719647862.73409,89156663000.20357
2025-05-20 00:00:00,SOL,166.7148813421899,4917489419.353307,86660180885.53973
2025-05-21 00:00:00,SOL,168.38572912424627,4723025924.7160635,87567636791.65742
2025-05-22 00:00:00,SOL,173.96771434765478,6215139156.977671,90506196649.11792
2025-05-23 00:00:00,SOL,179.57884486750282,5820960214.759074,93401318404.66599
2025-05-24 00:00:00,SOL,174.43566967519817,8631193319.547667,90766229737.02824
2025-05-25 00:00:00,SOL,175.9976176396849,3543822748.1900992,91595150534.4116
2025-05-26 00:00:00,SOL,175.13203918726265,3915382381.155895,91110205286.38454
2025-05-27 00:00:00,SOL,174.71672204451494,3202505989.7881603,90921624705.8187
2025-05-28 00:00:00,SOL,176.57784495904014,4151034839.0818906,91885206177.41884
2025-05-29 00:00:00,SOL,172.12073410994773,3798038676.2862353,89626729703.32722
2025-05-30 00:00:00,SOL,166.83894593726552,3849498974.469161,86843428994.42337
2025-05-31 00:00:00,SOL,156.51262963204462,4811893138.165595,81757475086.86885
2025-06-01 00:00:00,SOL,156.86968538083693,3067057498.6570454,81936330847.34436
2025-06-02 00:00:00,SOL,157.63092185153255,2744309615.2839994,82343946258.36638
2025-06-03 00:00:00,SOL,156.97126157615844,3295032805.67504,81999316408.5183
2025-06-04 00:00:00,SOL,155.57609294535118,4001215457.270695,81296707387.07445
2025-06-05 00:00:00,SOL,153.52933334658826,2894328554.847466,80445464948.66203
2025-06-06 00:00:00,SOL,144.54778524030908,5147783563.002369,75763092323.77681
2025-06-07 00:00:00,SOL,148.27289869882955,3081994292.815606,77715710807.20976
2025-06-08 00:00:00,SOL,150.07536034230216,2061571442.4994385,78768382382.38567
2025-06-09 00:00:00,SOL,152.50446458828966,2132215310.9007103,80043272922.8385
2025-06-10 00:00:00,SOL,161.15980951265985,4008837628.698958,84589937775.16258
2025-06-11 00:00:00,SOL,164.9644225697288,5347282400.770432,86571332860.45332
2025-06-12 00:00:00,SOL,161.01986639557893,5796688364.492554,84533356127.98843
2025-06-13 00:00:00,SOL,152.6604566097001,3971540185.958896,80285894233.06946
2025-06-14 00:00:00,SOL,148.53042859104298,6899166919.424324,78374298079.131
2025-06-15 00:00:00,SOL,144.75154594223267,2347896839.3558106,76395263029.6604
2025-06-16 00:00:00,SOL,152.684889859998,3899774764.538459,80585766786.45044
2025-06-17 00:00:00,SOL,151.43554856186984,5091508004.197791,79959725924.2985
2025-06-18 00:00:00,SOL,147.99188434299543,5049196750.599356,78146853122.15833
2025-06-19 00:00:00,SOL,146.27697674399295,4140075680.6693616,77197222250.09135
2025-06-20 00:00:00,SOL,147.09924520457085,3317445622.022612,77672175553.78215
2025-06-21 00:00:00,SOL,140.04009054961782,4927733598.47951,74352627907.47485
2025-06-22 00:00:00,SOL,133.71000196412658,3965117683.287045,70788027179.84511
2025-06-23 00:00:00,SOL,131.8134744866569,6034851129.188091,70035052662.1332
2025-06-24 00:00:00,SOL,144.7815680115998,6803245546.166264,76913532127.43575
2025-06-25 00:00:00,SOL,145.8019507474219,4365577695.258674,77418435219.14531
2025-06-26 00:00:00,SOL,143.37011953879949,3632253966.777613,76592225935.41951
2025-06-27 00:00:00,SOL,138.97799072607012,4094443190.4828176,74258601216.09717
2025-06-28 00:00:00,SOL,142.12675809713753,3884472749.8418827,75946935362.85362
2025-06-29 00:00:00,SOL,150.7812372563586,3480663753.86231,80534347465.08652
2025-06-30 00:00:00,SOL,153.31879559308874,3034669713.0257177,81941734208.35605
2025-07-01 00:00:00,SOL,154.9374500694811,5839631136.997528,82818070628.0388
2025-07-02 00:00:00,SOL,146.84115991278014,4180937195.699031,78488996165.02196
2025-07-03 00:00:00,SOL,152.1680329188485,4586707670.749116,81356182087.82619
2025-07-04 00:00:00,SOL,152.28063806980848,4481298325.462197,81414932798.53902
2025-07-05 00:00:00,SOL,147.76302956048175,4122205670.4260592,79002678553.63802
2025-07-06 00:00:00,SOL,147.60067170952217,1854457228.577465,78946152630.50418
2025-07-07 00:00:00,SOL,151.92103968743746,3555730137.1277676,81209567201.79767
2025-07-08 00:00:00,SOL,148.79005045485957,4159999387.584406,79678109116.42232
2025-07-09 00:00:00,SOL,151.83083400485827,4528768718.257452,81344510607.36617
2025-07-10 00:00:00,SOL,157.20772193763892,5340601044.883773,84264481217.45757
2025-07-11 00:00:00,SOL,163.85821380442644,10873010259.89518,87651094464.58328
2025-07-12 00:00:00,SOL,162.75319398002793,15000208185.36994,87228696845.69495
2025-07-13 00:00:00,SOL,160.46917812212587,7427115213.712982,85990922452.45544
2025-07-14 00:00:00,SOL,161.2426294578984,7216327088.3555765,86379646790.38098
2025-07-15 00:00:00,SOL,162.28222240485653,14500503326.7985,87012722669.01315
2025-07-16 00:00:00,SOL,163.96583057213138,12915906103.683296,87943386177.56264
2025-07-17 00:00:00,SOL,173.8289647474319,17811143762.30818,93485435152.36853
2025-07-18 00:00:00,SOL,176.0976453468298,16421519782.114107,94705914575.06302
2025-07-19 00:00:00,SOL,177.36979874415755,18801332820.737236,95389053896.84322
2025-07-20 00:00:00,SOL,176.91082733883786,8109077838.043139,95159016657.7261
2025-07-21 00:00:00,SOL,180.99223128612934,13879156359.595356,97369774805.6155
2025-07-22 00:00:00,SOL,196.42381167802614,23536247199.551838,105726477497.21577
2025-07-23 00:00:00,SOL,205.2909062553001,33288976911.758366,110388822982.47327
2025-07-24 00:00:00,SOL,189.5923023530127,22842746849.566635,102009512597.66689
2025-07-25 00:00:00,SOL,182.56084286755046,19515303060.801735,98288901831.98495
2025-07-26 00:00:00,SOL,186.17182549934944,17804092124.295223,100191430260.7939
2025-07-27 00:00:00,SOL,184.9395837508933,6066268600.664028,99537260340.7252
2025-07-28 00:00:00,SOL,188.5758287219798,7055013487.194188,101416340780.40605
2025-07-29 00:00:00,SOL,183.03025266261037,11859569057.897078,98532622033.55843
2025-07-30 00:00:00,SOL,181.16776459533068,5784849447.910539,97454126235.82953
2025-07-31 00:00:00,SOL,177.8780960276323,6340104641.556541,95607702499.41104
2025-08-01 00:00:00,SOL,172.1630467364299,5648090381.562077,92708865239.70064
2025-08-02 00:00:00,SOL,162.79127248081605,8524308824.141164,87608862241.09743
2025-08-03 00:00:00,SOL,158.53125175932496,3493829006.1178837,85419275441.3688
2025-08-04 00:00:00,SOL,161.90312387611363,3799213534.622081,87127911992.51938
2025-08-05 00:00:00,SOL,169.41522028427192,5184477262.429844,91187068515.65497
2025-08-06 00:00:00,SOL,164.08356857308905,4990165298.964871,88366756321.06778
2025-08-07 00:00:00,SOL,168.1731958529984,3925170891.2100515,90602300378.89859
2025-08-08 00:00:00,SOL,175.3851480311338,4922490352.0849,94555506562.20601
2025-08-09 00:00:00,SOL,176.79535226118225,6314967732.267661,95358552408.13701
2025-08-10 00:00:00,SOL,180.38638312645054,5151414730.8922,97273757979.29631
2025-08-11 00:00:00,SOL,182.9089507475702,6526899522.845935,98680797069.32025
2025-08-12 00:00:00,SOL,175.04512640796176,7218575660.657902,94446838456.51955
2025-08-13 00:00:00,SOL,192.59412792428108,8241598209.651322,103958446553.55505
2025-08-14 00:00:00,SOL,201.8186877395025,12032742881.340282,109040519317.65358
2025-08-15 00:00:00,SOL,192.75680405400084,14504164931.300503,104086483120.68985
2025-08-16 00:00:00,SOL,185.5996951638033,8453295249.345534,100133112662.54547
2025-08-17 00:00:00,SOL,189.76942306167987,4463139739.111394,102341194195.00087
2025-08-18 00:00:00,SOL,191.64098987374877,4337337967.245784,103498590849.65073
2025-08-19 00:00:00,SOL,183.0130381229085,6404055055.139721,98839575359.52385
2025-08-20 00:00:00,SOL,176.4002245667356,6012864665.830554,95269629007.20668
2025-08-21 00:00:00,SOL,187.2669439751863,6232892656.027937,101153138629.37645
2025-08-22 00:00:00,SOL,180.24297051206173,5352469255.969752,97284344052.61475
2025-08-23 00:00:00,SOL,200.2605865005056,10127448099.982841,108194143822.4916
2025-08-24 00:00:00,SOL,204.01931609622184,7707066769.148663,110265793443.07309
2025-08-25 00:00:00,SOL,205.88090746426144,11192452947.414183,111293086915.60172
2025-08-26 00:00:00,SOL,187.18525315161807,12382673799.15369,101136116915.87978
2025-08-27 00:00:00,SOL,195.9857969070515,8074057190.355703,105940691853.63528
2025-08-28 00:00:00,SOL,203.29341765413957,12654160502.675875,109858006061.39355
2025-08-29 00:00:00,SOL,214.54958917125032,12259075336.968056,116004977345.01314
2025-08-30 00:00:00,SOL,205.08335316941142,13457457307.813232,110856000021.0619
2025-08-31 00:00:00,SOL,202.71014197799335,5916828358.740077,109624145394.8024
2025-09-01 00:00:00,SOL,200.90099462282365,5119565154.109434,108641493698.23297
2025-09-02 00:00:00,SOL,196.88381950999033,7408407557.527862,106414197827.8846
2025-09-03 00:00:00,SOL,209.23036715955652,8803333414.35032,113196213823.18475
2025-09-04 00:00:00,SOL,210.678785187558,6956952790.247085,113974936294.58269
2025-09-05 00:00:00,SOL,202.68556246131902,5057527125.787553,109721137208.39746
2025-09-06 00:00:00,SOL,203.47913677981902,7547177831.7062235,110114510867.43683
2025-09-07 00:00:00,SOL,200.18665937035894,2968164693.6168056,108362930311.83084
2025-09-08 00:00:00,SOL,206.51848846856373,4213958987.249966,111936108428.27112
2025-09-09 00:00:00,SOL,214.08956690665315,9970745423.357145,116026061901.42412
2025-09-10 00:00:00,SOL,217.38518604767611,9082166653.74413,117845247298.93935
2025-09-11 00:00:00,SOL,223.9996568751895,9538303334.00484,121443927715.77182
2025-09-12 00:00:00,SOL,228.6994803098487,10115240805.136227,123996407786.3184
2025-09-13 00:00:00,SOL,242.25824628845254,13331440399.44534,131451215438.38591
2025-09-14 00:00:00,SOL,242.6675990847208,7460431580.746429,131625546341.2104
2025-09-15 00:00:00,SOL,240.51910214123612,9641527089.213789,130492671181.8851
2025-09-16 00:00:00,SOL,233.8358169548661,10189245912.076498,126723030988.81142
2025-09-17 00:00:00,SOL,237.00322352946304,7606193246.926102,128913223473.07257
2025-09-18 00:00:00,SOL,244.94703055919837,10904096063.20618,133012651049.5734
2025-09-19 00:00:00,SOL,247.55626201820508,9525238920.41541,134328267645.0745
2025-09-20 00:00:00,SOL,238.33823551145915,7795423019.894011,129345335675.59085
2025-09-21 00:00:00,SOL,239.46337999355012,3643828369.3949914,130034859270.97707
2025-09-22 00:00:00,SOL,236.64867854250417,3625096944.4525175,128569320517.27148
2025-09-23 00:00:00,SOL,220.33692191838946,12282736836.312027,119686369996.93573
2025-09-24 00:00:00,SOL,214.17925267896382,7575651795.115867,116518133817.56525
2025-09-25 00:00:00,SOL,211.59608812684968,8445521212.739207,115032433454.73328
2025-09-26 00:00:00,SOL,192.18165357078567,12016864135.347467,104476128475.99643
2025-09-27 00:00:00,SOL,205.1199454921513,10264035473.466131,111442276251.7605
2025-09-28 00:00:00,SOL,203.5749247337909,4017566336.8666024,110625886749.88844
2025-09-29 00:00:00,SOL,210.7450481378904,4489384967.131298,114541266794.95769
2025-09-30 00:00:00,SOL,212.92955681530267,6935052896.50192,115729984092.68108
2025-10-01 00:00:00,SOL,208.6992944881733,7027033380.102042,113428586887.75471
2025-10-02 00:00:00,SOL,221.2188833389755,8473857082.585505,120044760192.73802
2025-10-03 00:00:00,SOL,234.61674360916186,10240423698.713894,127362028246.18869
2025-10-04 00:00:00,SOL,233.06458024680495,9409846313.93892,127150990208.83511
2025-10-05 00:00:00,SOL,227.93905953905113,4629724693.376066,124310880122.60092
2025-10-06 00:00:00,SOL,228.5443211026712,7161162365.904725,124722639864.9079
2025-10-07 00:00:00,SOL,232.5968012360869,7565905967.514749,126917886067.39793
2025-10-08 00:00:00,SOL,220.92325353514107,9428620255.995054,120651918153.05309
2025-10-09 00:00:00,SOL,229.06280907281337,7378938614.697137,125078490889.53381
2025-10-10 00:00:00,SOL,220.8065008190006,7926447520.068074,120565130574.60735
2025-10-11 00:00:00,SOL,189.8912952568837,16979196402.761215,104753731395.58649
2025-10-12 00:00:00,SOL,178.3062307703534,12825283650.402828,97463291611.22887
2025-10-13 00:00:00,SOL,197.03997380287893,12182439886.806627,107553280810.07175
2025-10-14 00:00:00,SOL,207.92928081408232,11548480550.997688,113600150801.75488
2025-10-15 00:00:00,SOL,202.77828792883702,13553378827.238491,111004502175.88118
2025-10-16 00:00:00,SOL,193.96279214560616,9764892301.796349,106135409373.7695
2025-10-17 00:00:00,SOL,184.57406686923576,9925743378.18117,100920180313.75322
2025-10-18 00:00:00,SOL,182.07052141400303,10314262292.923399,99584853701.89706
2025-10-19 00:00:00,SOL,187.55870371602296,4080705643.636593,102547391633.91815
2025-10-20 00:00:00,SOL,187.62095813065147,4866494598.220849,102473799864.32953
2025-10-21 00:00:00,SOL,189.83490809801577,6130975032.123,103759163273.00163
2025-10-22 00:00:00,SOL,185.78992071057104,8140307547.666378,101503754154.96838
2025-10-23 00:00:00,SOL,180.02645418265774,7331527656.706337,98365559775.72266
2025-10-24 00:00:00,SOL,191.42417371185576,6328717665.982079,105126704771.48363
2025-10-25 00:00:00,SOL,193.47566388653937,5836419855.507742,106277703611.5622
2025-10-26 00:00:00,SOL,194.011016152678,3143145861.3248463,106640787914.34056
2025-10-27 00:00:00,SOL,200.07095684438153,4807959121.519227,110015344814.02438
2025-10-28 00:00:00,SOL,198.81130112961708,6699989320.198287,109185355497.74608
2025-10-29 00:00:00,SOL,194.40531681984675,8022554748.305202,106812830000.23653
2025-10-30 00:00:00,SOL,194.22060377742542,8179014087.802186,106654590061.0207
2025-10-31 00:00:00,SOL,184.28637111326051,8507378052.630039,101142410783.16473
2025-11-01 00:00:00,SOL,187.2627467672827,5793893051.801109,103442974150.53136
2025-11-02 00:00:00,SOL,186.3556506725306,2712449199.879818,102961761123.6358
2025-11-03 00:00:00,SOL,187.19632465985816,3242429378.753831,103265155078.90247
2025-11-04 00:00:00,SOL,165.92718959407298,9778486257.676378,91638592574.92229
2025-11-05 00:00:00,SOL,155.5134380549323,11455410012.209955,85947115263.93896
2025-11-06 00:00:00,SOL,162.64616988523213,6883947244.13202,89955932106.81238
2025-11-07 00:00:00,SOL,154.84889388443324,5556988830.548565,85562556342.39645
2025-11-08 00:00:00,SOL,161.87760775808556,6640253853.035683,89680212829.84552
2025-11-09 00:00:00,SOL,158.15618865832252,3787812871.602458,87566175479.22525
2025-11-10 00:00:00,SOL,164.26842094537048,4600362342.428592,90880757292.08119
2025-11-11 00:00:00,SOL,167.54840917926455,5572975599.617281,92866398678.98384
2025-11-12 00:00:00,SOL,154.34628754698477,6119928731.138143,85546876438.37358
2025-11-13 00:00:00,SOL,153.19515043362588,5898647664.686135,84852474992.51434
2025-11-14 00:00:00,SOL,145.15580784802805,7303794089.642745,80581216086.66986
2025-11-15 00:00:00,SOL,139.00276447047776,8537259511.224628,77119490344.96066
2025-11-16 00:00:00,SOL,139.59145707175173,3515375946.078547,77375030096.27234
2025-11-17 00:00:00,SOL,137.4975729739525,4915090778.811192,76214849400.6984
2025-11-18 00:00:00,SOL,130.68858764032888,7514441110.728822,72426094213.65282
2025-11-19 00:00:00,SOL,140.60155456478054,7721886683.591121,77934016916.19258
2025-11-20 00:00:00,SOL,136.43470513687834,6188944241.966924,75584893191.21877
2025-11-21 00:00:00,SOL,133.60337500165332,8684394409.126163,74844768194.70718
2025-11-22 00:00:00,SOL,128.48401421465474,10313891229.218143,71848950731.73575
2025-11-23 00:00:00,SOL,127.62806806856854,3630542144.0941753,71349952756.82495
2025-11-24 00:00:00,SOL,130.84897517738048,3991552010.3336043,73167233648.17833
2025-11-25 00:00:00,SOL,138.3677130507636,6431600335.735572,77367322523.65762
2025-11-26 00:00:00,SOL,139.0062092062614,4808709077.41163,77771514073.10704
2025-11-27 00:00:00,SOL,142.92252259467037,5998548898.056817,79924794823.57224
2025-11-28 00:00:00,SOL,140.8298940142595,3819216595.133187,78777617550.5348
2025-11-29 00:00:00,SOL,137.46833804153275,5365486933.184003,76938097243.95398
2025-11-30 00:00:00,SOL,136.08875145366935,2718227800.811016,76118417197.87218
2025-12-01 00:00:00,SOL,134.57716421907872,3460372072.935849,75637190873.42696
2025-12-02 00:00:00,SOL,126.74719818442522,6851062003.639887,70966196633.84346
2025-12-03 00:00:00,SOL,138.68381774415911,6918508704.607495,77653527014.84753
2025-12-04 00:00:00,SOL,145.03241215787318,6455831919.236613,81208229329.41095
2025-12-05 00:00:00,SOL,139.0035856702843,4788215430.254418,77830815983.02031
2025-12-06 00:00:00,SOL,133.19940782316152,4920570364.5913,74566520034.03679
2025-12-07 00:00:00,SOL,132.21332316930986,2360842992.9684343,73993239897.54666
2025-12-08 00:00:00,SOL,131.63667798299971,4308900064.808368,73739848612.42871
2025-12-09 00:00:00,SOL,133.2876975493966,5265200020.040177,74811646828.87148
2025-12-10 00:00:00,SOL,138.01268988378362,6612919737.71527,77575668532.51553
2025-12-11 00:00:00,SOL,136.51252974936924,6601409509.828041,76726311580.65881
2025-12-12 00:00:00,SOL,136.44042727909604,6531004549.074007,76743870887.65125
2025-12-13 00:00:00,SOL,132.4674041542392,5827290706.453272,74491666029.22806
2025-12-14 00:00:00,SOL,133.22106900469535,2259785741.0493307,74841360307.62788
2025-12-15 00:00:00,SOL,129.57660231376835,2811466749.906449,72771108472.71634
2025-12-16 00:00:00,SOL,127.70162570713056,5664789139.597919,71761324664.35858
2025-12-17 00:00:00,SOL,128.8095625908113,4471455535.338424,72352928471.43684
2025-12-18 00:00:00,SOL,123.08121963590442,5991785692.616783,69190855101.13805
2025-12-19 00:00:00,SOL,119.47102833526988,6429346461.74471,67164501569.46828
2025-12-20 00:00:00,SOL,126.1879023223493,5616521064.824057,70945765444.8513
2025-12-21 00:00:00,SOL,125.78919713672443,1874498407.279519,70712904180.67732
2025-12-22 00:00:00,SOL,126.01866473018241,2593618351.5364947,70866740448.0251
2025-12-23 00:00:00,SOL,125.76066206540068,4107959590.6911936,70709712071.75928
2025-12-24 00:00:00,SOL,123.9193038826096,3449135611.6053176,69704070559.22852
2025-12-25 00:00:00,SOL,122.56774375278773,2590460582.9893656,68951067341.39406
2025-12-26 00:00:00,SOL,120.09013792486492,2449069367.6865826,67601569093.48973
2025-12-27 00:00:00,SOL,122.18760348085107,4206343443.092035,68749899193.13757
2025-12-28 00:00:00,SOL,124.63847125670826,1903845564.1442995,70060705784.7345
2025-12-29 00:00:00,SOL,125.19116108131975,2274998025.866254,70417541311.5998
2025-12-30 00:00:00,SOL,123.09934938681572,5206138693.770085,69294749014.9203
2025-12-31 00:00:00,SOL,124.85607450703749,3452065269.058434,70258329328.96147
2026-01-01 00:00:00,SOL,124.5164171836461,3867698668.3454027,70088211901.36029
2026-01-02 00:00:00,SOL,126.73481257128296,2664879770.7789636,71412464990.55157
2026-01-03 00:00:00,SOL,132.0483994914527,4974468671.385098,74386824319.36295
2026-01-04 00:00:00,SOL,133.28816839764232,2744139511.4650235,75096961115.17924
2026-01-05 00:00:00,SOL,133.86037430010327,3302730567.102762,75408109505.69249
2026-01-06 00:00:00,SOL,138.14624626670062,5820371010.09981,77857193610.8887
2026-01-07 00:00:00,SOL,141.10228180261717,6358691083.473678,79507408301.68976
2026-01-08 00:00:00,SOL,136.27267880262593,4282729414.3858867,76895122140.73372
2026-01-09 00:00:00,SOL,138.2946068711558,5391114708.492818,78034797749.35843
2026-01-10 00:00:00,SOL,135.84243943306166,5480506163.955695,76695827990.03171
2026-01-11 00:00:00,SOL,135.80170404935623,1741084690.0364935,76641936890.79468
2026-01-12 00:00:00,SOL,139.4276268849873,3419018211.6660347,78706698603.54521
2026-01-13 00:00:00,SOL,139.1103423634471,6620955216.998631,78613645403.17773
2026-01-14 00:00:00,SOL,145.09717589746134,8047083050.044898,81981991346.90428
2026-01-15 00:00:00,SOL,146.70846905618052,6912090068.388402,82880393448.86893
2026-01-16 00:00:00,SOL,142.27295549504774,4997355899.443064,80415403334.71544
2026-01-17 00:00:00,SOL,144.82360113807155,3957207958.6767917,81862130037.57964
2026-01-18 00:00:00,SOL,143.70920085761944,2020461664.9235215,81270466792.49619
2026-01-19 00:00:00,SOL,138.5946736566872,3109392767.1241255,78436917528.54514
2026-01-20 00:00:00,SOL,133.43360509528503,5368206627.398914,75486541005.88855
2026-01-21 00:00:00,SOL,125.81062416788743,6120599149.8276615,71176869803.27257
2026-01-22 00:00:00,SOL,129.33791858850012,5920873768.451463,73152926025.99269
2026-01-23 00:00:00,SOL,128.22398381822603,3474685432.7283425,72553217774.92729
2026-01-24 00:00:00,SOL,127.24900586659474,4037508318.9055634,72000257943.84181
2026-01-25 00:00:00,SOL,127.04951352257324,1718383638.1534047,71902047449.9125
2026-01-26 00:00:00,SOL,118.89050038610903,5664989178.023534,67334139605.105606
2026-01-27 00:00:00,SOL,124.20384054241987,4633082596.320432,70367463149.6183
2026-01-28 00:00:00,SOL,127.1523419223292,3973148773.7933435,72041920240.84569
2026-01-29 00:00:00,SOL,125.04471508843886,3822310928.6863894,70790637621.48843
2026-01-30 00:00:00,SOL,117.61753429620335,6228789001.774594,66594694435.65673
2026-01-31 00:00:00,SOL,117.30168147280109,7242419430.231638,66428162827.350426
2026-02-01 00:00:00,SOL,105.3546472133961,10199780344.194159,59663224525.85884
2026-02-02 00:00:00,SOL,100.89974142414994,5980726033.0707655,57210056897.21557
2026-02-03 00:00:00,SOL,104.51783551612739,7782942955.704701,59201126282.56551
2026-02-04 00:00:00,SOL,97.61983239747126,6137256412.2257185,55336080662.992
2026-02-05 00:00:00,SOL,92.2922393896508,7691167277.271055,52337083217.87731
2026-02-06 00:00:00,SOL,78.50039816888382,11362345050.952269,44614281691.20345
2026-02-07 00:00:00,SOL,87.57576306445752,12677917416.686546,49660819332.3869
2026-02-08 00:00:00,SOL,87.6724462446035,5597873838.47702,49749127216.21578
2026-02-09 00:00:00,SOL,87.04941449412165,3304072820.4419966,49365296735.72767
2026-02-10 00:00:00,SOL,86.83640091013909,4465418533.922044,49295442233.11616
2026-02-11 00:00:00,SOL,82.859350330399,3056871645.9416747,47016025744.94477
2026-02-12 00:00:00,SOL,79.26902777120368,4300002945.332792,45053694679.361496
2026-02-13 00:00:00,SOL,78.24213346951659,3832247845.408604,44415645436.865364
2026-02-14 00:00:00,SOL,84.25776148298227,3874312629.4464235,47860874969.87855
2026-02-15 00:00:00,SOL,88.16260342417432,3130873805.923042,50094441104.62305
2026-02-16 00:00:00,SOL,85.9432570451624,4348972609.458301,48819352379.51161
2026-02-17 00:00:00,SOL,86.47724615896905,3755375031.7448964,49062258392.90649
2026-02-18 00:00:00,SOL,85.08405734921202,3311275325.9730883,48301037391.34077
2026-02-19 00:00:00,SOL,81.51090951064302,3401702595.3262744,46292759422.89115
2026-02-20 00:00:00,SOL,82.32948048072353,3082347845.3774166,46788887236.61634
2026-02-21 00:00:00,SOL,84.48180620699738,4145075829.24566,48004833249.75887
2026-02-22 00:00:00,SOL,85.22914603897226,2095739467.0093822,48452051189.860374
2026-02-23 00:00:00,SOL,82.62121426327303,2126838762.0942636,46931342707.7779
2026-02-24 00:00:00,SOL,77.74239675092372,5278871884.141234,44218639145.17957
2026-02-25 00:00:00,SOL,79.15951859088946,3903764080.859528,45046211422.07805
2026-02-26 00:00:00,SOL,87.54949142727354,6263451317.5161915,49752790363.305
2026-02-27 00:00:00,SOL,85.91778139468347,4413629752.034521,48871885618.31395
2026-02-28 00:00:00,SOL,81.97478574698155,4075158244.6100698,46589974108.0842
2026-03-01 00:00:00,SOL,84.43256932045497,4906565933.938777,48078218411.47596
2026-03-02 00:00:00,SOL,83.59894859103784,4982906465.582213,47680510347.9091
2026-03-03 00:00:00,SOL,86.6938918426954,5882886994.583463,49383302128.06513
2026-03-04 00:00:00,SOL,87.21330452440068,5221323004.591456,49734923977.29887
2026-03-05 00:00:00,SOL,91.04761359657869,7414937844.356771,51872412649.69884
2026-03-06 00:00:00,SOL,88.75693937625566,4786829418.435414,50589688340.13466
2026-03-07 00:00:00,SOL,84.69488418915218,3988653161.9688635,48277252454.36896
2026-03-08 00:00:00,SOL,83.17889878303106,1895012342.4811046,47465294460.024994
2026-03-09 00:00:00,SOL,81.67772884438665,2702364183.7408037,46643122063.43379
2026-03-10 00:00:00,SOL,84.97563051920119,4421328759.267284,48507498603.343956
2026-03-11 00:00:00,SOL,85.74645257058538,4463779591.19414,48935937118.33233
2026-03-12 00:00:00,SOL,86.62968862668771,3989760200.81788,49493902762.530624
2026-03-13 00:00:00,SOL,86.97584014684948,3691299244.258634,49675262890.410126
2026-03-14 00:00:00,SOL,88.1168060488462,5403516144.258723,50341283959.67557
2026-03-15 00:00:00,SOL,88.02341306449867,1926064596.1854196,50301535432.40403
2026-03-16 00:00:00,SOL,92.1632844801209,3123676485.3457417,52658214640.90314
2026-03-17 00:00:00,SOL,96.21221464953886,6509666585.5122175,54991260862.511856
2026-03-18 00:00:00,SOL,94.72809426091275,4045745806.728065,54151857122.19748
2026-03-19 00:00:00,SOL,90.03646353685959,4122248160.51711,51451455138.32442
2026-03-20 00:00:00,SOL,88.8456984679191,3564823814.746558,50782637128.16761
2026-03-21 00:00:00,SOL,89.90100439451884,2939994349.2049227,51387190409.578926
2026-03-22 00:00:00,SOL,87.81573059739495,1684982530.1131327,50428367123.9099
2026-03-23 00:00:00,SOL,86.23479546661513,2926632254.3575153,49327711601.939804
2026-03-24 00:00:00,SOL,91.37708078745013,5363123768.513683,52254718805.19267
2026-03-25 00:00:00,SOL,90.87842515803004,4044505374.086233,52003762875.82739
2026-03-26 00:00:00,SOL,91.64389758486668,3553069939.524086,52443168886.94935
2026-03-27 00:00:00,SOL,86.37417588100612,4139968961.649953,49416237742.16608
2026-03-28 00:00:00,SOL,82.96413192403311,3496297086.4939494,47482157575.11642
2026-03-29 00:00:00,SOL,82.01372949812922,2078263409.1327665,46946235168.427315
2026-03-30 00:00:00,SOL,81.33947805116354,2026551439.7548654,46566331230.1519
2026-03-31 00:00:00,SOL,82.43744250260085,3504659448.2962885,47207778669.467285
2026-04-01 00:00:00,SOL,83.05596641462947,4343647275.125765,47556772134.1486
2026-04-02 00:00:00,SOL,81.26067035239892,4660604668.693647,46548482069.96672
2026-04-03 00:00:00,SOL,78.94297475122147,4271475488.5224323,45212608422.974495
2026-04-04 00:00:00,SOL,80.34433585896339,2376816957.2601724,46017469817.14205
2026-04-05 00:00:00,SOL,80.76965641724166,1691980981.3604684,46263886927.84851
2026-04-06 00:00:00,SOL,81.80609023118846,1987608215.6676438,46867233290.82694
2026-04-07 00:00:00,SOL,80.05090350348496,3006217565.8693514,45861497291.412094
2026-04-08 00:00:00,SOL,85.71966892972841,4669757843.661435,49114239769.43505
2026-04-09 00:00:00,SOL,82.59825679035208,3688303863.5176144,47378147716.34937
2026-04-10 00:00:00,SOL,83.29620052819023,3517301787.86669,47823179773.42821
2026-04-11 00:00:00,SOL,84.80543245012248,3101854111.9520116,48697246110.08145
2026-04-12 00:00:00,SOL,84.9287614200742,2280756481.686253,48793432586.439255
2026-04-13 00:00:00,SOL,81.53487956024254,2905031891.801938,46868765847.09739
2026-04-14 00:00:00,SOL,86.60429543330669,4176975184.814723,49813329403.52159
2026-04-15 00:00:00,SOL,83.75779568198683,4744736772.865464,48174673566.936005
2026-04-16 00:00:00,SOL,84.9392177619264,3776041128.7680345,48864815095.36497
2026-04-16 16:09:40,SOL,86.82589584187764,4085005680.5229053,49946947724.996605
2025-04-17 00:00:00,STETH,1575.743238550785,31050492.994616985,14651516437.920006
2025-04-18 00:00:00,STETH,1582.2243001393942,23254006.87561137,14705708536.077984
2025-04-19 00:00:00,STETH,1587.9060230835237,10856130.432344032,14749331171.76026
2025-04-20 00:00:00,STETH,1614.1350856649522,20389280.239750084,14979083193.316025
2025-04-21 00:00:00,STETH,1584.6922535550616,23165947.968220815,14694575331.308449
2025-04-22 00:00:00,STETH,1576.21356799729,27877019.25664835,14602553864.418718
2025-04-23 00:00:00,STETH,1758.0513801659868,44955926.01073825,16288031576.820436
2025-04-24 00:00:00,STETH,1792.3939544096772,139830792.27028695,16579900603.94141
2025-04-25 00:00:00,STETH,1766.7160728119534,18916414.039380617,16341806049.49059
2025-04-26 00:00:00,STETH,1786.3596807033234,28767644.485183343,16517847154.443052
2025-04-27 00:00:00,STETH,1819.2179831198541,19704233.659489837,16810110665.328236
2025-04-28 00:00:00,STETH,1791.6589190276334,20420939.603527464,16547570999.552544
2025-04-29 00:00:00,STETH,1797.0736672540233,24487319.612000756,16601333888.850552
2025-04-30 00:00:00,STETH,1793.5737767021747,18127639.531707082,16568334456.628693
2025-05-01 00:00:00,STETH,1792.4492449518705,14927402.34209969,16555801408.242336
2025-05-02 00:00:00,STETH,1836.992184691778,14729724.369999899,16892846841.081358
2025-05-03 00:00:00,STETH,1840.3706050950302,18156240.525396414,16915096521.666143
2025-05-04 00:00:00,STETH,1834.033155848157,5125402.036185644,16858669119.958609
2025-05-05 00:00:00,STETH,1807.2970029728335,7274850.574587744,16589279746.133394
2025-05-06 00:00:00,STETH,1817.4115442564166,11047826.185455615,16703486790.755903
2025-05-07 00:00:00,STETH,1813.839626357368,14666944.757669795,16637011591.287483
2025-05-08 00:00:00,STETH,1809.8281477544924,13959893.232528258,16605238449.909645
2025-05-09 00:00:00,STETH,2194.6015884034787,76608104.27998365,20115221538.63288
2025-05-10 00:00:00,STETH,2335.130280023862,138041579.5419336,21418171284.583977
2025-05-11 00:00:00,STETH,2585.045083636902,53993251.69355132,23638666831.83732
2025-05-12 00:00:00,STETH,2502.398569080808,40512076.716520764,22864097960.49111
2025-05-13 00:00:00,STETH,2489.6543634571676,42818935.65305937,22759714609.006325
2025-05-14 00:00:00,STETH,2673.7403420445,54145522.28208797,24397797008.588764
2025-05-15 00:00:00,STETH,2597.993702301132,23393881.355841227,23720570776.58364
2025-05-16 00:00:00,STETH,2538.2816868204886,25970931.431657296,23128255573.157078
2025-05-17 00:00:00,STETH,2554.552849340254,16095048.548898146,23313652052.359123
2025-05-18 00:00:00,STETH,2473.139033523277,12947213.296565432,22562591105.392654
2025-05-19 00:00:00,STETH,2466.2164541724906,21398186.569744013,22371404720.809776
2025-05-20 00:00:00,STETH,2526.08176826058,46288415.98911253,22938906615.25317
2025-05-21 00:00:00,STETH,2521.951329144544,18124449.47321557,22749479056.66441
2025-05-22 00:00:00,STETH,2556.690359933838,41197736.02146794,23083769888.98769
2025-05-23 00:00:00,STETH,2652.5850107340843,26892206.916674003,23929556366.766724
2025-05-24 00:00:00,STETH,2518.0805701258555,42973216.50333517,22683302266.83313
2025-05-25 00:00:00,STETH,2524.5757424112603,23461497.8758843,22721322972.20372
2025-05-26 00:00:00,STETH,2542.272840987695,13622623.81036753,22877581320.886696
2025-05-27 00:00:00,STETH,2559.5627148185645,10390164.802060582,23030266466.22789
2025-05-28 00:00:00,STETH,2657.192235999288,22873202.852863714,23907749217.196438
2025-05-29 00:00:00,STETH,2674.039409035104,12093772.082032353,24051056775.97585
2025-05-30 00:00:00,STETH,2629.928967788396,34633787.30277593,23619332782.730286
2025-05-31 00:00:00,STETH,2522.6655873472946,29048964.24648025,22635475151.6622
2025-06-01 00:00:00,STETH,2531.327454254195,13033408.250500215,22719776380.531147
2025-06-02 00:00:00,STETH,2535.4321020002376,14067070.880290423,22754322521.861053
2025-06-03 00:00:00,STETH,2606.5590570029576,12021594.62900973,23401796041.800716
2025-06-04 00:00:00,STETH,2589.8340647729033,17747507.624135632,23237528587.270702
2025-06-05 00:00:00,STETH,2608.5498551517744,15390789.375514533,23384901331.32349
2025-06-06 00:00:00,STETH,2421.8469286839127,23075107.97648144,21737770978.08436
2025-06-07 00:00:00,STETH,2480.5864799611154,12248600.365003452,22212013509.023678
2025-06-08 00:00:00,STETH,2525.3066610632004,7376366.347250209,22653051249.05398
2025-06-09 00:00:00,STETH,2507.964625426172,7214731.730175361,22495968728.220375
2025-06-10 00:00:00,STETH,2681.5430405918632,12737430.648280453,24130810842.441936
2025-06-11 00:00:00,STETH,2808.3505353442188,39274067.10931672,25333896575.009247
2025-06-12 00:00:00,STETH,2774.895957145206,18718305.25478806,25104015612.102512
2025-06-13 00:00:00,STETH,2651.6988317413966,15795206.943146676,24041371290.98607
2025-06-14 00:00:00,STETH,2575.8924321901463,27958844.46705449,23398595760.535187
2025-06-15 00:00:00,STETH,2532.695451520613,20492846.570087332,23027631984.76867
2025-06-16 00:00:00,STETH,2546.1386313378384,8581967.209999902,23149641602.298954
2025-06-17 00:00:00,STETH,2556.909391253933,15707341.340941934,23308998631.476765
2025-06-18 00:00:00,STETH,2514.692388884717,16321662.30218965,22926057102.993828
2025-06-19 00:00:00,STETH,2519.811657542893,11159547.885277243,22964275055.725178
2025-06-20 00:00:00,STETH,2522.1703087677733,6508221.829060909,23017824336.25508
2025-06-21 00:00:00,STETH,2405.7090197056455,13552129.429365957,22023856965.334267
2025-06-22 00:00:00,STETH,2278.217032046599,16016827.987475825,20751305572.380474
2025-06-23 00:00:00,STETH,2225.398575008448,31406520.05617743,20360856079.3563
2025-06-24 00:00:00,STETH,2421.678527476904,27943591.70314476,22195298891.202724
2025-06-25 00:00:00,STETH,2445.0681921728424,22927998.760554753,22391714107.4496
2025-06-26 00:00:00,STETH,2416.678273580911,13342529.254724352,22101467419.30721
2025-06-27 00:00:00,STETH,2413.8272905740973,54989716.77003593,22013121472.67317
2025-06-28 00:00:00,STETH,2421.0402350845934,11395942.435978752,22043389777.394585
2025-06-29 00:00:00,STETH,2435.5345228552565,9292486.964801785,22175692498.108105
2025-06-30 00:00:00,STETH,2502.5933026974553,54070544.103217535,22771902239.66044
2025-07-01 00:00:00,STETH,2487.9975072414745,14818375.150204733,22626062171.113075
2025-07-02 00:00:00,STETH,2403.923803262989,8435303.38341774,21868510065.87176
2025-07-03 00:00:00,STETH,2570.612270543077,67479680.44975713,23391648812.03565
2025-07-04 00:00:00,STETH,2588.6459948544048,15005251.988834782,23553871151.458702
2025-07-05 00:00:00,STETH,2506.8995902293786,15130185.335445013,22807318446.163185
2025-07-06 00:00:00,STETH,2517.0012448231723,2955646.449532036,22906384575.65141
2025-07-07 00:00:00,STETH,2570.6838634326655,7897221.691258602,23384264782.891586
2025-07-08 00:00:00,STETH,2543.51613923689,9925304.213217083,23206396196.02893
2025-07-09 00:00:00,STETH,2614.3944032574345,28317913.262142193,23860973664.630814
2025-07-10 00:00:00,STETH,2768.312953750444,41997567.459737025,25302382838.714478
2025-07-11 00:00:00,STETH,2951.229664830037,47788315.51043717,26890154188.7003
2025-07-12 00:00:00,STETH,2956.8626306631663,102680841.10008699,26989226368.372112
2025-07-13 00:00:00,STETH,2943.109099911859,30072703.425904047,26862330676.075436
2025-07-14 00:00:00,STETH,2976.8465913357895,24303087.163984157,27171870807.965355
2025-07-15 00:00:00,STETH,3011.2834862251443,29422729.151640292,27488708661.579483
2025-07-16 00:00:00,STETH,3130.813310628091,31380039.66397654,28541551431.609985
2025-07-17 00:00:00,STETH,3364.7882547450536,111628638.20122759,30657483619.55688
2025-07-18 00:00:00,STETH,3472.7912668559993,178583354.79037192,31646263623.05517
2025-07-19 00:00:00,STETH,3540.9560899286794,196812471.39563358,32214532464.17619
2025-07-20 00:00:00,STETH,3586.7269485388074,55338400.55829516,32669593004.129803
2025-07-21 00:00:00,STETH,3750.06712783849,141410941.65169778,34146927379.57597
2025-07-22 00:00:00,STETH,3750.440809685372,116367834.7170022,34156972216.37083
2025-07-23 00:00:00,STETH,3731.398715503805,186663848.0319434,33993384171.4001
2025-07-24 00:00:00,STETH,3619.3017500459873,105503720.94958799,32938403790.749794
2025-07-25 00:00:00,STETH,3700.719079091337,194863077.0094226,33468306705.508026
2025-07-26 00:00:00,STETH,3721.433030594186,113784228.37392572,33503473951.39846
2025-07-27 00:00:00,STETH,3750.747871124506,50858689.5568378,33795723307.259827
2025-07-28 00:00:00,STETH,3871.9975139677417,61306246.922179975,34690861889.83639
2025-07-29 00:00:00,STETH,3786.5833741105776,76182252.71272972,34013255255.171265
2025-07-30 00:00:00,STETH,3783.7913697427016,86723685.00206162,33932380032.49596
2025-07-31 00:00:00,STETH,3803.385593768374,88707858.05918255,34110670309.787212
2025-08-01 00:00:00,STETH,3693.4939353108334,43944655.543278396,33086322550.598007
2025-08-02 00:00:00,STETH,3480.1676335068164,95875115.43888286,31201781927.83936
2025-08-03 00:00:00,STETH,3387.6801569635722,61259090.35869142,30403716822.2199
2025-08-04 00:00:00,STETH,3490.943612265683,49237967.039218195,31109954347.316845
2025-08-05 00:00:00,STETH,3713.6153814187546,61021494.40650728,32964908859.1933
2025-08-06 00:00:00,STETH,3606.6443708581546,38441054.00941916,32088502046.3497
2025-08-07 00:00:00,STETH,3678.2440168803246,42882994.84247209,32693211160.222557
2025-08-08 00:00:00,STETH,3905.274305139093,96381513.75966711,34677141392.34519
2025-08-09 00:00:00,STETH,4005.675307212129,138075000.37560034,35556179338.47128
2025-08-10 00:00:00,STETH,4263.222703851318,147672502.87150124,37764906406.09093
2025-08-11 00:00:00,STETH,4244.696759852396,59912889.223965116,37633969862.32961
2025-08-12 00:00:00,STETH,4222.079361154044,137132400.66314337,37482626847.65736
2025-08-13 00:00:00,STETH,4581.463197322342,159254501.12262568,40598951548.36799
2025-08-14 00:00:00,STETH,4753.64928146381,198062935.54114956,42060108405.62949
2025-08-15 00:00:00,STETH,4546.565700283939,160652087.3150885,40302794136.69324
2025-08-16 00:00:00,STETH,4418.3037767839605,65948148.70077012,39023734945.34366
2025-08-17 00:00:00,STETH,4414.133652707055,61691107.36527982,39015421718.74318
2025-08-18 00:00:00,STETH,4480.764614172868,46544071.40076,39576032378.40643
2025-08-19 00:00:00,STETH,4306.867740256977,86367989.13611044,38000161574.367836
2025-08-20 00:00:00,STETH,4066.167480897343,65943131.28660103,35962870508.995056
2025-08-21 00:00:00,STETH,4318.604323244501,39529118.402268745,38129202903.844475
2025-08-22 00:00:00,STETH,4213.97303988231,32324187.971677158,37169302518.52945
2025-08-23 00:00:00,STETH,4811.362784592771,106056253.08438478,42274339219.12207
2025-08-24 00:00:00,STETH,4761.178734347495,44535144.96811033,41718041459.92924
2025-08-25 00:00:00,STETH,4767.977022425808,61659164.96192207,41893930512.2154
2025-08-26 00:00:00,STETH,4369.336562225555,51601350.51647391,38282362252.50102
2025-08-27 00:00:00,STETH,4588.196515428631,100038264.2032648,40141767366.795
2025-08-28 00:00:00,STETH,4490.998342086438,86842499.62000489,39290261906.59135
2025-08-29 00:00:00,STETH,4492.090338903166,37446127.460921295,39292713915.669556
2025-08-30 00:00:00,STETH,4354.4031338003115,54867809.967575625,38108614822.51322
2025-08-31 00:00:00,STETH,4361.236546794974,22261834.994798522,38227995872.183815
2025-09-01 00:00:00,STETH,4378.208007451222,34871378.531568,38247619462.89723
2025-09-02 00:00:00,STETH,4295.814708609883,46243148.93272388,37404543052.47451
2025-09-03 00:00:00,STETH,4314.455379980196,75128781.26111345,37471911771.11103
2025-09-04 00:00:00,STETH,4439.6347802419605,46855174.621067695,38528788803.95771
2025-09-05 00:00:00,STETH,4297.314014754938,73308553.79039752,37315482275.964584
2025-09-06 00:00:00,STETH,4297.646328198017,71912782.31517223,37292871439.38392
2025-09-07 00:00:00,STETH,4267.139999745778,48517763.46801027,37017019669.19762
2025-09-08 00:00:00,STETH,4300.448573970001,29961906.730012573,37356965578.986565
2025-09-09 00:00:00,STETH,4303.035812099703,51799837.10057306,37273215583.127914
2025-09-10 00:00:00,STETH,4305.430768155236,72932981.01106565,37318005756.64092
2025-09-11 00:00:00,STETH,4343.491045724199,75875240.2915056,37510360286.42396
2025-09-12 00:00:00,STETH,4451.713772210853,64441056.384591594,38382478636.65756
2025-09-13 00:00:00,STETH,4700.877987954868,46839773.30625829,40489443169.30674
2025-09-14 00:00:00,STETH,4656.642521272055,58415853.22971334,40075789738.76199
2025-09-15 00:00:00,STETH,4599.8613766084245,61985111.276295796,39604494583.36396
2025-09-16 00:00:00,STETH,4521.064345556367,132557669.58637622,38889391149.70285
2025-09-17 00:00:00,STETH,4497.674181884095,33177131.706891596,38701615491.12625
2025-09-18 00:00:00,STETH,4585.245808912116,62864147.78568814,39497912784.86359
2025-09-19 00:00:00,STETH,4586.224969190907,51451400.413392045,39465473691.34696
2025-09-20 00:00:00,STETH,4464.056132109806,43266335.35420601,38272501162.66008
2025-09-21 00:00:00,STETH,4476.927079833361,20699189.22682992,38289611204.46612
2025-09-22 00:00:00,STETH,4448.9954656560185,20536689.678594973,38041365154.61096
2025-09-23 00:00:00,STETH,4196.683949777127,62714881.71775736,35886017924.40585
2025-09-24 00:00:00,STETH,4164.89798089215,32845302.222834677,35568871151.07975
2025-09-25 00:00:00,STETH,4148.863596596992,49415865.84869482,35397833830.43387
2025-09-26 00:00:00,STETH,3861.872725300059,88902960.72712421,33013755202.607197
2025-09-27 00:00:00,STETH,4030.704711286168,67803134.55701868,35030108558.61464
2025-09-28 00:00:00,STETH,4017.509533410212,33388177.363980334,34422578417.66245
2025-09-29 00:00:00,STETH,4137.926006937456,24515176.84998105,35364157150.26421
2025-09-30 00:00:00,STETH,4215.875536987699,30135893.664281815,36031497383.24388
2025-10-01 00:00:00,STETH,4143.388647278256,26001469.463710774,35351535305.44853
2025-10-02 00:00:00,STETH,4340.307975170317,46262210.616998054,37009906438.18923
2025-10-03 00:00:00,STETH,4482.739772995008,38423384.371750936,38156800641.64533
2025-10-04 00:00:00,STETH,4514.949573347732,49411865.23295221,38501058108.35813
2025-10-05 00:00:00,STETH,4485.360991111156,13027873.043847175,38245732820.134315
2025-10-06 00:00:00,STETH,4512.908936684892,30034308.126787767,38486717748.430756
2025-10-07 00:00:00,STETH,4687.638687846627,42745483.58272633,39968694028.00808
2025-10-08 00:00:00,STETH,4451.6669577978155,62281993.04178639,37912725520.29117
2025-10-09 00:00:00,STETH,4525.752378115462,40867684.89484589,38581049056.429955
2025-10-10 00:00:00,STETH,4366.739672998004,47347703.5435657,37128152852.97249
2025-10-11 00:00:00,STETH,3846.957280201602,137311295.07977256,32747672709.42002
2025-10-12 00:00:00,STETH,3746.459982127548,71399108.29503956,31834437864.76701
2025-10-13 00:00:00,STETH,4155.389213623312,104418541.57678422,35302033412.15115
2025-10-14 00:00:00,STETH,4243.205059205268,80201717.57140289,36024079442.90267
2025-10-15 00:00:00,STETH,4126.491962447119,103170548.2590388,35054185263.60919
2025-10-16 00:00:00,STETH,3981.6274913619104,68560338.88132823,33812972150.923523
2025-10-17 00:00:00,STETH,3887.0778605397527,87275984.80866702,32996291093.063725
2025-10-18 00:00:00,STETH,3828.576519568418,84901942.63860127,32527056117.62545
2025-10-19 00:00:00,STETH,3885.7983899028804,28191435.40581148,32982945162.839077
2025-10-20 00:00:00,STETH,3981.494469989308,36866877.73267301,33790145215.293076
2025-10-21 00:00:00,STETH,3975.2687889052504,53811959.16433719,33786778816.38706
2025-10-22 00:00:00,STETH,3872.9333917741583,94222963.34768738,32855684571.733723
2025-10-23 00:00:00,STETH,3799.8523215579075,87778049.79024869,32260268257.964832
2025-10-24 00:00:00,STETH,3856.7658053758514,66613415.27432111,32728326797.140434
2025-10-25 00:00:00,STETH,3932.619856532525,76982175.00845203,33792605334.412983
2025-10-26 00:00:00,STETH,3951.0777256029296,18863141.482622333,33943659270.76968
2025-10-27 00:00:00,STETH,4162.578293989056,35083970.84590727,35795368754.93414
2025-10-28 00:00:00,STETH,4121.272614823086,58344462.20521434,35397411749.13471
2025-10-29 00:00:00,STETH,3982.8444631085495,54196887.109072804,34220452136.518578
2025-10-30 00:00:00,STETH,3895.744335885375,60506073.73027533,33453853811.531708
2025-10-31 00:00:00,STETH,3795.8676207121034,63353503.7846079,32603711061.997334
2025-11-01 00:00:00,STETH,3846.323684634482,43012070.35535013,33062352125.99002
2025-11-02 00:00:00,STETH,3871.5106658048294,18144556.267876875,33245368666.72137
2025-11-03 00:00:00,STETH,3910.6585128316588,16733007.682958325,33572397072.253708
2025-11-04 00:00:00,STETH,3597.2009069922756,83000795.34080498,30882468597.84449
2025-11-05 00:00:00,STETH,3290.728852391987,160106914.79535693,28242700907.94746
2025-11-06 00:00:00,STETH,3437.9373637822155,132176920.22411129,29792100834.537556
2025-11-07 00:00:00,STETH,3304.946680207362,94168113.00095414,28567932007.016
2025-11-08 00:00:00,STETH,3432.0220889596026,100985468.74732469,29632079632.90989
2025-11-09 00:00:00,STETH,3399.463224859748,30140653.568136286,29369291686.796787
2025-11-10 00:00:00,STETH,3573.964020568485,45613005.84326517,30810131065.105797
2025-11-11 00:00:00,STETH,3562.4105113968403,46906744.158353776,30821974494.53868
2025-11-12 00:00:00,STETH,3411.9692362361698,68767968.25204976,29483771754.79544
2025-11-13 00:00:00,STETH,3409.0022082949135,76477590.45799197,29420790622.0567
2025-11-14 00:00:00,STETH,3234.512348440938,82417180.01672848,27978540509.032833
2025-11-15 00:00:00,STETH,3105.7296224436022,86590466.25160918,26885876633.482758
2025-11-16 00:00:00,STETH,3168.1420555049563,102279267.60079429,27409789995.007942
2025-11-17 00:00:00,STETH,3094.375975292188,43984072.50291405,26717718541.35109
2025-11-18 00:00:00,STETH,3018.6309293684803,85176593.35491931,26058691311.153645
2025-11-19 00:00:00,STETH,3115.169732834257,62854151.59145691,26877588211.076023
2025-11-20 00:00:00,STETH,3015.8796454945978,43803610.768821955,26001794056.402813
2025-11-21 00:00:00,STETH,2831.839389212437,43619007.430208325,24443665460.161095
2025-11-22 00:00:00,STETH,2763.8717200705205,106074508.87400152,23851351161.14296
2025-11-23 00:00:00,STETH,2766.091934342302,42202929.62594559,23892810879.63142
2025-11-24 00:00:00,STETH,2798.9343480808907,33440657.029170502,24187294743.501423
2025-11-25 00:00:00,STETH,2953.175340191897,39060832.21683418,25508144376.950718
2025-11-26 00:00:00,STETH,2952.211578428153,37980491.55280555,25522445892.249115
2025-11-27 00:00:00,STETH,3026.3019185455364,33860056.537892014,26086776377.27788
2025-11-28 00:00:00,STETH,3012.9697771515644,25931309.023408573,26011449621.123894
2025-11-29 00:00:00,STETH,3030.9103641218007,71661036.76717065,26178611201.853527
2025-11-30 00:00:00,STETH,2991.679872410217,24964505.58411065,25823421764.249916
2025-12-01 00:00:00,STETH,2995.5264207779314,17793518.35624776,25870921594.86734
2025-12-02 00:00:00,STETH,2799.866057476255,84253584.9950794,24270511879.361725
2025-12-03 00:00:00,STETH,2996.746972974292,26118399.50704337,25912448733.0407
2025-12-04 00:00:00,STETH,3193.4739218360514,29331316.553468548,27604723476.750854
2025-12-05 00:00:00,STETH,3132.816994727009,36174242.43086966,27110288085.005363
2025-12-06 00:00:00,STETH,3021.4181691026693,57214996.04880564,26161225801.823708
2025-12-07 00:00:00,STETH,3038.383392529439,20790630.42526245,26335039015.314148
2025-12-08 00:00:00,STETH,3056.0714603520614,26982069.95594557,26450710775.39807
2025-12-09 00:00:00,STETH,3125.4102991542445,30529594.441499155,27188170220.78789
2025-12-10 00:00:00,STETH,3323.2073596498153,50840772.764482066,29002573731.07578
2025-12-11 00:00:00,STETH,3325.7969421659323,39362141.90646682,29030306504.927017
2025-12-12 00:00:00,STETH,3236.0784618634902,32202235.500954233,28357861069.854908
2025-12-13 00:00:00,STETH,3086.007940206954,27880809.24194006,27022444489.56723
2025-12-14 00:00:00,STETH,3115.077136360557,19840248.795818992,27287131489.933666
2025-12-15 00:00:00,STETH,3066.277274900826,17924613.590018105,26824009142.28612
2025-12-16 00:00:00,STETH,2962.233599161076,44099146.50736632,25966198053.10932
2025-12-17 00:00:00,STETH,2961.929139223978,41140277.9589808,25938073528.751595
2025-12-18 00:00:00,STETH,2828.244789941931,30995570.431656525,24784659215.13608
2025-12-19 00:00:00,STETH,2826.4479496604336,91067136.42567916,24788963242.838634
2025-12-20 00:00:00,STETH,2978.308228065065,27522270.06599722,26123360261.26613
2025-12-21 00:00:00,STETH,2974.6382386657733,14337032.072002837,26069442815.801533
2025-12-22 00:00:00,STETH,3001.8237125939404,17990147.837182116,26324431759.447517
2025-12-23 00:00:00,STETH,3004.848056319551,103414449.21436726,26405390517.93284
2025-12-24 00:00:00,STETH,2964.8992355540495,34678867.752946645,26066994175.466976
2025-12-25 00:00:00,STETH,2946.10948044883,18867313.914684966,25886074757.25169
2025-12-26 00:00:00,STETH,2903.0139063646993,16442596.064526184,25449642385.346745
2025-12-27 00:00:00,STETH,2925.7467137220024,24438204.973601155,25686689465.154934
2025-12-28 00:00:00,STETH,2948.0208467492857,11682290.13535626,25868157681.23977
2025-12-29 00:00:00,STETH,2946.4354064915037,11628428.11650089,25913680716.477406
2025-12-30 00:00:00,STETH,2933.4564071083337,28716129.04207011,25796265562.069492
2025-12-31 00:00:00,STETH,2968.2653664758172,15630253.810131177,26127276744.53941
2026-01-01 00:00:00,STETH,2965.3677582616856,18311731.647317372,26152632752.457253
2026-01-02 00:00:00,STETH,2999.0845896823885,11052005.719674662,26455764290.950943
2026-01-03 00:00:00,STETH,3119.1208513670717,19489477.88873191,27597275960.672462
2026-01-04 00:00:00,STETH,3124.43256148194,14831815.238006962,27631555679.610092
2026-01-05 00:00:00,STETH,3137.5489751671744,14021336.430643536,27766451668.583305
2026-01-06 00:00:00,STETH,3227.697956473098,19143091.803533427,28621558706.950943
2026-01-07 00:00:00,STETH,3295.3765400240277,26428780.47136465,29229142011.62787
2026-01-08 00:00:00,STETH,3164.832412470046,28341671.267505072,28050372805.845806
2026-01-09 00:00:00,STETH,3103.70969111043,22338743.26195468,27599631252.16703
2026-01-10 00:00:00,STETH,3083.391931808046,20345423.502516337,27467494100.18268
2026-01-11 00:00:00,STETH,3083.0174326077054,6004745.705440577,27487014915.769108
2026-01-12 00:00:00,STETH,3116.6795940682105,11105469.077248888,27780263979.80854
2026-01-13 00:00:00,STETH,3090.579443079699,25966238.49816544,27588960825.97046
2026-01-14 00:00:00,STETH,3320.592203015443,26468611.98210879,29630846346.999077
2026-01-15 00:00:00,STETH,3356.43135201024,44332971.139676094,29976677355.62226
2026-01-16 00:00:00,STETH,3317.397569420975,29572349.760937955,29684544159.825253
2026-01-17 00:00:00,STETH,3295.563022154327,71035388.22953527,29507473790.24805
2026-01-18 00:00:00,STETH,3307.73645131058,10452401.644813133,29722583913.40231
2026-01-19 00:00:00,STETH,3283.0148936820774,11583290.58598532,29566199537.41729
2026-01-20 00:00:00,STETH,3185.631212153097,48056195.03523831,29007492626.271507
2026-01-21 00:00:00,STETH,2935.0766884945792,25824693.47748335,26964132032.807285
2026-01-22 00:00:00,STETH,2977.447954736977,21096131.849041462,27474234626.12943
2026-01-23 00:00:00,STETH,2947.6630446693352,18333128.062347155,27481205831.2351
2026-01-24 00:00:00,STETH,2950.8238293683908,24708789.247638546,27626632409.203884
2026-01-25 00:00:00,STETH,2951.745374917445,9857642.534398487,27633976255.79735
2026-01-26 00:00:00,STETH,2814.687984544045,19444876.42318463,26508731351.369373
2026-01-27 00:00:00,STETH,2929.1587122250035,35653108.43425068,27624914076.387657
2026-01-28 00:00:00,STETH,3020.1824541225064,38871095.30480128,28634888054.34993
2026-01-29 00:00:00,STETH,3006.503588741928,28407463.920398574,28570400197.659966
2026-01-30 00:00:00,STETH,2818.9937007056337,29256949.58091052,26991275241.99397
2026-01-31 00:00:00,STETH,2702.401574246333,39347387.44989734,25937941989.524345
2026-02-01 00:00:00,STETH,2443.9424337979945,124443040.09531763,23468334603.946976
2026-02-02 00:00:00,STETH,2271.014199354296,69862610.71774173,21782849281.16432
2026-02-03 00:00:00,STETH,2344.8844619228253,103264813.3950251,22455339855.802376
2026-02-04 00:00:00,STETH,2226.2982533248064,71784107.63614245,21332825694.961845
2026-02-05 00:00:00,STETH,2149.845474060192,73930520.07968533,20630262721.784195
2026-02-06 00:00:00,STETH,1824.278041878764,151372831.50448072,17623279663.794567
2026-02-07 00:00:00,STETH,2057.910284757233,169966782.92195,19718697812.609333
2026-02-08 00:00:00,STETH,2089.602628666326,102819492.57226983,19997140829.8252
2026-02-09 00:00:00,STETH,2093.367499631906,26631073.552006733,20032417765.395695
2026-02-10 00:00:00,STETH,2101.497953683334,39675093.23198663,20080113630.574913
2026-02-11 00:00:00,STETH,2017.02024411007,35510139.14740327,19361379847.683193
2026-02-12 00:00:00,STETH,1938.6224537557473,46972009.68896911,18528151110.64388
2026-02-13 00:00:00,STETH,1944.8870476553618,30135866.24549048,18570160522.072105
2026-02-14 00:00:00,STETH,2045.6341607317486,40404688.34005257,19544144858.740055
2026-02-15 00:00:00,STETH,2084.8899310975557,27446070.386329066,19862843963.292564
2026-02-16 00:00:00,STETH,1963.6859391139824,43467552.789913096,18629261713.492374
2026-02-17 00:00:00,STETH,1999.5515468380077,30831234.31924846,18947181099.256275
2026-02-18 00:00:00,STETH,1990.8269731870762,53775734.86873039,18844712515.136936
2026-02-19 00:00:00,STETH,1951.8963603553475,31308634.62008372,18488138346.49614
2026-02-20 00:00:00,STETH,1946.2890554915086,32137222.470633846,18425340243.23182
2026-02-21 00:00:00,STETH,1965.2059363544522,39506169.27242364,18600137514.255035
2026-02-22 00:00:00,STETH,1971.373754102834,17801892.13925291,18666656864.89752
2026-02-23 00:00:00,STETH,1951.8394357601076,31778811.40253578,18469743370.364677
2026-02-24 00:00:00,STETH,1851.765075791329,53827193.41923314,17496555095.825188
2026-02-25 00:00:00,STETH,1850.8814915170665,36775965.00450865,17473624804.756947
2026-02-26 00:00:00,STETH,2050.4633142039615,36331770.84192503,19345019997.39139
2026-02-27 00:00:00,STETH,2025.1357158469982,26791140.257799093,19088706961.72826
2026-02-28 00:00:00,STETH,1929.4477235097695,30611427.01670218,18175381193.81838
2026-03-01 00:00:00,STETH,1963.6595633912284,33129894.569064643,18513923892.936413
2026-03-02 00:00:00,STETH,1936.84275868696,34145266.51624598,18272841982.011333
2026-03-03 00:00:00,STETH,2028.6218079084665,32939703.381657887,19108419222.212826
2026-03-04 00:00:00,STETH,1984.0024184220742,35479901.64878134,18531632155.033955
2026-03-05 00:00:00,STETH,2124.7599776935435,63083829.62562441,19716848619.497906
2026-03-06 00:00:00,STETH,2073.5998967582173,36221716.03700212,19177297990.05893
2026-03-07 00:00:00,STETH,1980.3424407613,45182173.336371124,18293485113.172832
2026-03-08 00:00:00,STETH,1969.7131252212446,22333888.884232324,18184004991.783047
2026-03-09 00:00:00,STETH,1939.8416897261773,24350599.20159807,17922532054.131886
2026-03-10 00:00:00,STETH,1992.80404600141,28960987.452537324,18398407792.434982
2026-03-11 00:00:00,STETH,2035.0367100761032,47618425.799333036,18789676648.171505
2026-03-12 00:00:00,STETH,2051.532429730925,25531591.644778445,18916587511.040794
2026-03-13 00:00:00,STETH,2076.4134944643783,42071177.1391784,19111649384.578682
2026-03-14 00:00:00,STETH,2090.5096235483197,8927336.217477484,19191932983.173885
2026-03-15 00:00:00,STETH,2095.42171969733,5661527.227880229,19244661635.525173
2026-03-16 00:00:00,STETH,2173.1281395054148,12407092.656831069,19943731707.777473
2026-03-17 00:00:00,STETH,2349.4891283745646,19340319.605769705,21581018629.701347
2026-03-18 00:00:00,STETH,2319.269730225582,28759232.914965067,21303525039.881367
2026-03-19 00:00:00,STETH,2201.5053294919303,31549047.343700703,20300277937.575283
2026-03-20 00:00:00,STETH,2136.3456024417574,21028573.58483221,19681870193.72733
2026-03-21 00:00:00,STETH,2146.9205869701564,8329325.283610053,19778056626.50725
2026-03-22 00:00:00,STETH,2106.13206811059,7057773.669330787,19346397336.76192
2026-03-23 00:00:00,STETH,2052.7245635726104,17401227.9885372,18827459899.19486
2026-03-24 00:00:00,STETH,2147.580920233126,26959394.883189052,19703165561.461815
2026-03-25 00:00:00,STETH,2158.093309885988,11409223.392049052,19799862751.54293
2026-03-26 00:00:00,STETH,2166.0335076708225,15401798.514188642,19866498097.947826
2026-03-27 00:00:00,STETH,2059.127823475394,10827082.106802328,18877261795.949577
2026-03-28 00:00:00,STETH,1991.2431047131277,15256759.598890949,18307740642.76164
2026-03-29 00:00:00,STETH,1993.8470932569026,4716295.846534681,18299999037.523914
2026-03-30 00:00:00,STETH,1982.7658891643346,6909453.632824978,18238620503.863586
2026-03-31 00:00:00,STETH,2023.9386933733213,8579682.752900219,18621042363.904568
2026-04-01 00:00:00,STETH,2104.0213043661197,16737527.963786226,19400793660.947872
2026-04-02 00:00:00,STETH,2140.237446418187,13020606.940113747,19787090084.229225
2026-04-03 00:00:00,STETH,2055.2011539411783,10972345.786694992,19036776160.080055
2026-04-04 00:00:00,STETH,2053.319898966667,5004162.780895908,19040996140.683666
2026-04-05 00:00:00,STETH,2064.134841928958,5226230.478118371,19178294369.8929
2026-04-06 00:00:00,STETH,2109.204359925206,5652948.832024266,19671258104.92409
2026-04-07 00:00:00,STETH,2107.09418980565,12648012.04313531,19656281716.900337
2026-04-08 00:00:00,STETH,2252.805034187032,14416064.277163474,21074517016.723595
2026-04-09 00:00:00,STETH,2190.707671842934,22867481.745036747,20511200812.065483
2026-04-10 00:00:00,STETH,2189.065994226806,14309389.630515363,20587182251.61084
2026-04-11 00:00:00,STETH,2244.5144044028884,14153228.110452168,21118747630.65202
2026-04-12 00:00:00,STETH,2285.14271523541,9695566.42958502,21534908826.38033
2026-04-13 00:00:00,STETH,2191.1340399328783,7676712.352362912,20617203764.864063
2026-04-14 00:00:00,STETH,2373.3444806643465,7619783.255631964,22393891793.09416
2026-04-15 00:00:00,STETH,2320.566509551759,17857608.269455664,21955058088.158134
2026-04-16 00:00:00,STETH,2360.0315803341337,12200094.710267955,22228566724.04117
2026-04-16 16:09:51,STETH,2342.605010564132,10094843.731568145,22054794414.74491
2025-04-17 00:00:00,TRX,0.2478342979014942,788325821.37743,23542455448.220703
2025-04-18 00:00:00,TRX,0.24785767955171717,825347146.472208,23535986163.356472
2025-04-19 00:00:00,TRX,0.23979790295085376,546912155.7134851,22774555909.260406
2025-04-20 00:00:00,TRX,0.24413514416563126,404799629.55893296,23187019019.23289
2025-04-21 00:00:00,TRX,0.2442308035769932,476293008.581459,23189994574.073746
2025-04-22 00:00:00,TRX,0.24630980497882635,722856466.5923489,23376609594.161167
2025-04-23 00:00:00,TRX,0.2482472106061884,823814014.3337659,23570481525.86896
2025-04-24 00:00:00,TRX,0.24622153960541757,766978734.2407514,23375863226.08253
2025-04-25 00:00:00,TRX,0.24558431547441567,655480257.2250688,23314645808.78061
2025-04-26 00:00:00,TRX,0.24192727928387675,620257447.9386828,22967151860.83575
2025-04-27 00:00:00,TRX,0.2518465093808551,786407629.2238811,23915791130.9888
2025-04-28 00:00:00,TRX,0.2454982933243726,633942309.3586521,23307590087.98816
2025-04-29 00:00:00,TRX,0.2482547677290521,631742250.5009118,23566695147.99344
2025-04-30 00:00:00,TRX,0.24363695986317063,493243867.15573186,23122074305.837982
2025-05-01 00:00:00,TRX,0.2468280963022558,526291095.61092144,23430176156.762554
2025-05-02 00:00:00,TRX,0.24471183716891964,477971321.5590135,23229508252.308727
2025-05-03 00:00:00,TRX,0.24802385762067275,448831672.8486404,23542670098.02349
2025-05-04 00:00:00,TRX,0.24561114695368766,443642871.00258255,23315123670.77908
2025-05-05 00:00:00,TRX,0.24678405539411483,420638285.86585385,23412059472.79524
2025-05-06 00:00:00,TRX,0.24832703546130677,573358254.0901303,23572896462.384857
2025-05-07 00:00:00,TRX,0.24589351847527516,495935469.8066802,23340145894.84995
2025-05-08 00:00:00,TRX,0.2488214983780042,530959654.8780622,23623131726.584427
2025-05-09 00:00:00,TRX,0.2570014262562132,867688692.2665831,24392804977.27518
2025-05-10 00:00:00,TRX,0.2600432029043901,1563904879.579183,24680406959.021915
2025-05-11 00:00:00,TRX,0.2659355605908974,1114140257.549258,25207280710.36169
2025-05-12 00:00:00,TRX,0.26492690289529264,1156470055.2530103,25147523494.9519
2025-05-13 00:00:00,TRX,0.2718098521316238,2343517899.648751,25803014489.943336
2025-05-14 00:00:00,TRX,0.27096467218714226,1221869495.8942285,25716737206.336067
2025-05-15 00:00:00,TRX,0.274955862518479,1228515592.8005478,26092114024.951744
2025-05-16 00:00:00,TRX,0.2730093343336774,1263351667.3329585,25888362662.419144
2025-05-17 00:00:00,TRX,0.27232995821749456,890233046.1102557,25843335116.15495
2025-05-18 00:00:00,TRX,0.2695874988055995,723789874.9540437,25581930997.45842
2025-05-19 00:00:00,TRX,0.2668470019927119,825096470.3253044,25309127759.801956
2025-05-20 00:00:00,TRX,0.2666169998303391,839949133.7371085,25296678869.019627
2025-05-21 00:00:00,TRX,0.26892906095832025,980626421.6165088,25510963937.07823
2025-05-22 00:00:00,TRX,0.2686237106666943,967479585.4507858,25487870862.517612
2025-05-23 00:00:00,TRX,0.2749718227400453,1189322113.465057,26083409139.398594
2025-05-24 00:00:00,TRX,0.2684823878080289,1084292524.8305993,25474511484.823322
2025-05-25 00:00:00,TRX,0.2704209504806316,533954273.6540516,25660564753.614086
2025-05-26 00:00:00,TRX,0.27158735036809767,563656452.9524626,25767617514.086372
2025-05-27 00:00:00,TRX,0.27422800457743124,504722270.438711,26016788974.875233
2025-05-28 00:00:00,TRX,0.27754273237268634,626090566.1473542,26331186935.45824
2025-05-29 00:00:00,TRX,0.27365856803976113,520854075.6189289,25963364697.212856
2025-05-30 00:00:00,TRX,0.27414324912514104,612063224.466419,26006583998.667904
2025-05-31 00:00:00,TRX,0.26737924630378745,789797960.7805513,25356992563.62504
2025-06-01 00:00:00,TRX,0.2657554589765505,595846039.4961544,25210722156.29336
2025-06-02 00:00:00,TRX,0.2712154352682821,365887242.581726,25728284107.3728
2025-06-03 00:00:00,TRX,0.26889934896058726,434769149.4152825,25508167893.01176
2025-06-04 00:00:00,TRX,0.2704524040358083,400989018.8440385,25655585215.07466
2025-06-05 00:00:00,TRX,0.27441546201489336,480155861.6623462,26026346314.252525
2025-06-06 00:00:00,TRX,0.2818476267757467,802679594.1975852,26711488001.7707
2025-06-07 00:00:00,TRX,0.2774609984325865,631045772.7067589,26316876846.839096
2025-06-08 00:00:00,TRX,0.28682053571712274,465893306.87326944,27191404976.13467
2025-06-09 00:00:00,TRX,0.2818930103559471,489240234.71376777,26739410738.117638
2025-06-10 00:00:00,TRX,0.2873297911425129,597954451.4953103,27257608152.538857
2025-06-11 00:00:00,TRX,0.291746665855355,747025219.4282794,27654794448.644897
2025-06-12 00:00:00,TRX,0.2792760638375791,944380071.5543337,26487503371.526882
2025-06-13 00:00:00,TRX,0.2721159586819218,911994140.8061014,25810058345.194008
2025-06-14 00:00:00,TRX,0.26988474553119557,885356879.3512914,25605638398.548344
2025-06-15 00:00:00,TRX,0.2711595792639646,336092609.542398,25718688941.511013
2025-06-16 00:00:00,TRX,0.2739313744082881,302518711.97775424,25981595756.036503
2025-06-17 00:00:00,TRX,0.2752037806082002,1609798612.8140903,26140470051.376274
2025-06-18 00:00:00,TRX,0.27175778021495983,930519762.7168931,25777574433.979168
2025-06-19 00:00:00,TRX,0.27306675786016266,630717861.0183463,25893206288.979183
2025-06-20 00:00:00,TRX,0.27468505823901745,455456091.7465055,26046504803.771496
2025-06-21 00:00:00,TRX,0.2724830316650161,633204572.6811169,25838509317.93426
2025-06-22 00:00:00,TRX,0.2702894368035224,498435799.20223886,25598012133.523613
2025-06-23 00:00:00,TRX,0.263611631487203,1367578859.0880268,25009684733.44627
2025-06-24 00:00:00,TRX,0.2730232193601509,1027063518.0778301,25886345965.061146
2025-06-25 00:00:00,TRX,0.27392177531884115,576160414.7490343,25969748154.362373
2025-06-26 00:00:00,TRX,0.2732589018590674,531497333.55704975,25908459395.821995
2025-06-27 00:00:00,TRX,0.2709609913526723,596916528.521066,25687572022.71724
2025-06-28 00:00:00,TRX,0.27343999929594703,422494373.78271306,25921960953.522438
2025-06-29 00:00:00,TRX,0.2746064781259435,395047121.5205198,26024264337.042526
2025-06-30 00:00:00,TRX,0.2767978003291782,299099583.82994956,26239386595.98597
2025-07-01 00:00:00,TRX,0.27992342537790493,465456154.93200827,26547220076.375427
2025-07-02 00:00:00,TRX,0.27876274798844525,402523292.5378099,26424271025.700676
2025-07-03 00:00:00,TRX,0.2847542448403162,511979595.041119,27004456666.086075
2025-07-04 00:00:00,TRX,0.2869670763396903,587770890.5990992,27193238782.334045
2025-07-05 00:00:00,TRX,0.2824469303709134,505433119.7682496,26768742150.567074
2025-07-06 00:00:00,TRX,0.2831933450038669,305641967.4733831,26841471958.646965
2025-07-07 00:00:00,TRX,0.2872268381961474,305956380.3465466,27224725392.05192
2025-07-08 00:00:00,TRX,0.2866642974571126,361901015.37765354,27168677988.768833
2025-07-09 00:00:00,TRX,0.2875078203556196,339777890.18478394,27248215752.793903
2025-07-10 00:00:00,TRX,0.2899289921064955,464450883.31475407,27476960142.76683
2025-07-11 00:00:00,TRX,0.29360059816219525,1062171709.0115641,27819147264.38183
2025-07-12 00:00:00,TRX,0.3009812325370712,2767893281.941993,28521370447.023052
2025-07-13 00:00:00,TRX,0.3024152293004515,3248601575.9676185,28657438461.684555
2025-07-14 00:00:00,TRX,0.3030558478933525,1399627063.8995788,28717380071.972733
2025-07-15 00:00:00,TRX,0.30253144900488677,2553640872.584355,28667918519.73473
2025-07-16 00:00:00,TRX,0.30045158496637425,2360450786.753967,28479365923.295006
2025-07-17 00:00:00,TRX,0.3091808334782015,1809949445.558734,29296543081.56767
2025-07-18 00:00:00,TRX,0.31599469810655373,3964267910.555216,29939659605.523743
2025-07-19 00:00:00,TRX,0.325760894211019,6776309927.265031,30864002085.124203
2025-07-20 00:00:00,TRX,0.3178788228009875,3349200738.4132504,30115657965.99854
2025-07-21 00:00:00,TRX,0.3142223332120416,2573662205.645113,29734248756.72286
2025-07-22 00:00:00,TRX,0.31447757048379,3503304005.6906724,29793411830.58851
2025-07-23 00:00:00,TRX,0.31593581772366347,3801107680.7941227,29931569309.051334
2025-07-24 00:00:00,TRX,0.30976212129465536,4901021631.585891,29344920455.607155
2025-07-25 00:00:00,TRX,0.31413689411136114,4655125107.742303,29757955279.18882
2025-07-26 00:00:00,TRX,0.3167773472664433,4441342809.50266,30005500201.07861
2025-07-27 00:00:00,TRX,0.3200365160613963,1221434270.3678236,30315282745.70695
2025-07-28 00:00:00,TRX,0.32005545896853366,1151974104.74676,30318306242.64053
2025-07-29 00:00:00,TRX,0.3220308662855735,2286525408.8004923,30499796765.035946
2025-07-30 00:00:00,TRX,0.33804084795857753,3256705559.6742716,32008762766.41399
2025-07-31 00:00:00,TRX,0.3275810251017437,1777642368.1483161,31036230471.317867
2025-08-01 00:00:00,TRX,0.3247402589315751,1029593096.7152303,30763686036.140926
2025-08-02 00:00:00,TRX,0.32352336351856387,1823550731.5905495,30642159429.356827
2025-08-03 00:00:00,TRX,0.3219125764797236,1404244257.394032,30487485408.399513
2025-08-04 00:00:00,TRX,0.32758525255481685,790550847.0102693,31024716765.357685
2025-08-05 00:00:00,TRX,0.3329283686094329,667963761.0495163,31531877053.197113
2025-08-06 00:00:00,TRX,0.3334077807576774,923403081.7282262,31574500800.64621
2025-08-07 00:00:00,TRX,0.33709771098786573,868607024.9077688,31929542201.29288
2025-08-08 00:00:00,TRX,0.3384508005168367,922713039.0949199,32051558790.976185
2025-08-09 00:00:00,TRX,0.3381234799093417,1082038785.348676,32028621545.741394
2025-08-10 00:00:00,TRX,0.3353376598858483,558421444.5821104,31756618427.548435
2025-08-11 00:00:00,TRX,0.33824179955426087,795724914.8293207,32031511720.222553
2025-08-12 00:00:00,TRX,0.34548821930762463,940545005.7818505,32719048717.1361
2025-08-13 00:00:00,TRX,0.35237962410475315,1242969717.1782334,33355364167.206596
2025-08-14 00:00:00,TRX,0.3622438172723649,1368732479.4910495,34296357764.649097
2025-08-15 00:00:00,TRX,0.35847844836295145,2468366991.311557,33935511046.086178
2025-08-16 00:00:00,TRX,0.35216795572137427,1792370035.0396276,33339053894.815147
2025-08-17 00:00:00,TRX,0.34803218534365904,1043166659.6748949,32949877690.329235
2025-08-18 00:00:00,TRX,0.3538787478876827,885351505.5314045,33505328770.897945
2025-08-19 00:00:00,TRX,0.35028800725752646,1135859342.630818,33174102466.9137
2025-08-20 00:00:00,TRX,0.3481243053991994,1254391281.9404817,32959646921.080605
2025-08-21 00:00:00,TRX,0.35430913080545784,1187834106.5771146,33548524002.65449
2025-08-22 00:00:00,TRX,0.35342731073850764,1056113339.6394396,33440416569.53647
2025-08-23 00:00:00,TRX,0.36638052329053367,1379794066.1485689,34686804431.22905
2025-08-24 00:00:00,TRX,0.3622783333321292,853333540.4369107,34306664316.72351
2025-08-25 00:00:00,TRX,0.36152271264269925,1097494057.4797208,34233430583.918987
2025-08-26 00:00:00,TRX,0.34233808012627936,1607041544.063011,32429521492.990837
2025-08-27 00:00:00,TRX,0.35189208883171325,1256888298.8939438,33312469423.403847
2025-08-28 00:00:00,TRX,0.3452697845906336,951065156.0661619,32683981116.1928
2025-08-29 00:00:00,TRX,0.344844697835766,725775461.1678146,32642907849.55975
2025-08-30 00:00:00,TRX,0.3388324981742838,1102690200.9892066,32096553128.754303
2025-08-31 00:00:00,TRX,0.3390956558376899,500442446.61184376,32096601534.358036
2025-09-01 00:00:00,TRX,0.34076736489394194,461354039.17813873,32256431725.30664
2025-09-02 00:00:00,TRX,0.33722881539948474,912926181.0467689,31931434219.451706
2025-09-03 00:00:00,TRX,0.33794303032832773,871411323.4446533,31977474003.12844
2025-09-04 00:00:00,TRX,0.3407082815258368,611434177.7551236,32250212331.73386
2025-09-05 00:00:00,TRX,0.3346362672061652,725060396.7908237,31683791301.73779
2025-09-06 00:00:00,TRX,0.33123665362118054,934216608.6248589,31356010329.679096
2025-09-07 00:00:00,TRX,0.314521276349756,1241853666.678928,29759587627.06786
2025-09-08 00:00:00,TRX,0.3308409210738297,1546376252.7708192,31349895667.9741
2025-09-09 00:00:00,TRX,0.3313207200289712,746111026.044714,31359707565.136894
2025-09-10 00:00:00,TRX,0.3351309800330985,890026087.2944216,31724847314.399952
2025-09-11 00:00:00,TRX,0.33862542126265444,590533079.9860557,32060061202.59777
2025-09-12 00:00:00,TRX,0.34634639511220033,852676353.8244447,32802875088.340622
2025-09-13 00:00:00,TRX,0.3524889999662988,751366031.3556114,33362247200.372166
2025-09-14 00:00:00,TRX,0.34973965629029224,674623907.8408741,33105231233.694366
2025-09-15 00:00:00,TRX,0.34837133703322304,570922689.1721485,32971499691.575466
2025-09-16 00:00:00,TRX,0.34464889707108687,813391976.2330981,32621745659.80228
2025-09-17 00:00:00,TRX,0.34229944103127424,724245434.4503787,32399750416.981144
2025-09-18 00:00:00,TRX,0.34333571107458655,877358806.5331876,32502010327.49836
2025-09-19 00:00:00,TRX,0.35048989303336675,845374653.5580616,33166460962.584694
2025-09-20 00:00:00,TRX,0.34379422299826834,800092953.0267925,32533424071.73559
2025-09-21 00:00:00,TRX,0.3467340391361453,619960830.7544062,32820915301.19228
2025-09-22 00:00:00,TRX,0.34287542948709726,546856335.2062747,32461379875.220726
2025-09-23 00:00:00,TRX,0.33983526149390264,1186502650.446825,32160879771.92339
2025-09-24 00:00:00,TRX,0.336173114537701,741681579.4291588,31832500319.552578
2025-09-25 00:00:00,TRX,0.3382548145676761,591074219.5651019,32022580258.95423
2025-09-26 00:00:00,TRX,0.33191725894630747,963065556.815747,31423562755.05147
2025-09-27 00:00:00,TRX,0.3384856951919412,727778390.5340201,32041644594.42966
2025-09-28 00:00:00,TRX,0.3368034073603116,405391036.02852505,31884793982.35065
2025-09-29 00:00:00,TRX,0.33577695757544457,358786993.0053547,31790087787.528038
2025-09-30 00:00:00,TRX,0.3369955760609834,497625054.1537011,31900087192.02934
2025-10-01 00:00:00,TRX,0.33350015726978827,612912337.4117038,31567210788.18072
2025-10-02 00:00:00,TRX,0.34179171679185144,708940455.2211267,32364660686.682182
2025-10-03 00:00:00,TRX,0.342995223983128,650976968.2978272,32465052562.884914
2025-10-04 00:00:00,TRX,0.3420628777428887,731208417.408246,32366399517.46116
2025-10-05 00:00:00,TRX,0.34039225290282016,459534594.79615855,32216018001.390125
2025-10-06 00:00:00,TRX,0.34137667589996307,584954672.3496709,32314773339.297478
2025-10-07 00:00:00,TRX,0.34626810311993705,747413001.4418571,32782937765.734394
2025-10-08 00:00:00,TRX,0.33805873087864763,792743276.399546,32004991520.802513
2025-10-09 00:00:00,TRX,0.34213255933202885,770958497.0835528,32389029377.33013
2025-10-10 00:00:00,TRX,0.336305794822918,758191066.4303643,31830705139.832386
2025-10-11 00:00:00,TRX,0.32113727745459086,1532851312.105116,30403450073.146545
2025-10-12 00:00:00,TRX,0.3146579875214297,1019995683.8196437,29794076875.86188
2025-10-13 00:00:00,TRX,0.32296286182382394,1008044674.1144596,30568181853.10252
2025-10-14 00:00:00,TRX,0.32292104721731557,816556204.6299553,30576185493.960144
2025-10-15 00:00:00,TRX,0.31698026717667405,1363287386.5478122,30006204204.52626
2025-10-16 00:00:00,TRX,0.3193973406431426,1021157139.1881987,30234469219.41816
2025-10-17 00:00:00,TRX,0.3153249898465541,1012388041.9817182,29845709139.735016
2025-10-18 00:00:00,TRX,0.3090961607093191,1049390903.7868099,29261175841.560757
2025-10-19 00:00:00,TRX,0.3131122998179381,467289295.9150966,29640169932.404694
2025-10-20 00:00:00,TRX,0.3203781198101525,447351563.7687389,30323502472.567886
2025-10-21 00:00:00,TRX,0.3227036854602169,623652835.6723917,30553187245.849403
2025-10-22 00:00:00,TRX,0.32180162618801994,784408874.2735732,30465016165.716377
2025-10-23 00:00:00,TRX,0.32204883636298254,1039992612.6678394,30482019681.528233
2025-10-24 00:00:00,TRX,0.3138918296729994,778284674.1130224,29713281084.616974
2025-10-25 00:00:00,TRX,0.303833633942651,971313780.9773058,28759169160.40104
2025-10-26 00:00:00,TRX,0.2970217617282691,994561153.6649991,28134082739.480816
2025-10-27 00:00:00,TRX,0.30061279866991836,820928684.9686987,28470929466.0175
2025-10-28 00:00:00,TRX,0.2983308542743809,699176972.850856,28242544875.088734
2025-10-29 00:00:00,TRX,0.29574792686212165,732072857.0080968,27997469588.195793
2025-10-30 00:00:00,TRX,0.2961124600773365,833024849.3415955,28032615114.110302
2025-10-31 00:00:00,TRX,0.2923822538696929,1214266453.7267494,27674040029.11594
2025-11-01 00:00:00,TRX,0.2962018205231519,577248314.2450672,28039079424.813942
2025-11-02 00:00:00,TRX,0.29745002240496504,384107197.8612037,28158517442.930325
2025-11-03 00:00:00,TRX,0.29817964236899297,372434786.8379245,28217923401.928272
2025-11-04 00:00:00,TRX,0.2810600665200644,1522475914.912795,26608529157.221016
2025-11-05 00:00:00,TRX,0.28539505692237627,1634271108.3937776,27012192499.671818
2025-11-06 00:00:00,TRX,0.288991896602045,749213927.7080177,27359257304.37514
2025-11-07 00:00:00,TRX,0.283551726330624,556516368.9541119,26834140282.617496
2025-11-08 00:00:00,TRX,0.29216875121908314,878093204.72204,27671955677.897015
2025-11-09 00:00:00,TRX,0.29124444444917663,493879675.502906,27571156662.21019
2025-11-10 00:00:00,TRX,0.2906534858510195,412363165.95032716,27512405534.39507
2025-11-11 00:00:00,TRX,0.2961714168564367,581947699.6000831,28037850601.1374
2025-11-12 00:00:00,TRX,0.29705002507397993,732122724.1504567,28146245156.988934
2025-11-13 00:00:00,TRX,0.2945003326803488,707878535.1918795,27883744860.857513
2025-11-14 00:00:00,TRX,0.2931165106047888,904450656.7266369,27772950975.96394
2025-11-15 00:00:00,TRX,0.2925436645634017,1221190828.6991367,27710752727.675663
2025-11-16 00:00:00,TRX,0.29432637627705555,544649952.4040104,27857946216.4858
2025-11-17 00:00:00,TRX,0.29237552679868434,940823226.5187356,27675026803.94583
2025-11-18 00:00:00,TRX,0.2912500376602943,987864222.9473106,27558212398.979996
2025-11-19 00:00:00,TRX,0.2901221317668322,1022970221.8070331,27466448988.376984
2025-11-20 00:00:00,TRX,0.28644200661091285,893410330.4616383,27113205495.00337
2025-11-21 00:00:00,TRX,0.28032335772644085,876637489.7406825,26551517350.8233
2025-11-22 00:00:00,TRX,0.2762722799123385,1497331716.6269262,26147529940.505283
2025-11-23 00:00:00,TRX,0.2741760125262849,743578767.2464076,25958525314.977585
2025-11-24 00:00:00,TRX,0.2750856497664001,504727416.90159136,26040313125.33179
2025-11-25 00:00:00,TRX,0.27476887107113523,740055861.9786764,26015843533.78115
2025-11-26 00:00:00,TRX,0.27419166294403785,695824754.1279752,25961088518.405964
2025-11-27 00:00:00,TRX,0.2764228062545464,518541429.177679,26165913044.135868
2025-11-28 00:00:00,TRX,0.2802319893231524,500411719.28885067,26533666664.688526
2025-11-29 00:00:00,TRX,0.28103014094955364,591763819.1364689,26607123108.780373
2025-11-30 00:00:00,TRX,0.28096843175179154,348240189.30325186,26599714856.299335
2025-12-01 00:00:00,TRX,0.28171872721797364,394969621.66539323,26678722678.476337
2025-12-02 00:00:00,TRX,0.27716467354832547,983841642.0608227,26277244819.797283
2025-12-03 00:00:00,TRX,0.28110591337518914,683804275.0823792,26613980296.072227
2025-12-04 00:00:00,TRX,0.280580603056481,600881754.5067172,26563920316.237587
2025-12-05 00:00:00,TRX,0.2860009671519755,623775454.2880518,27069603377.21872
2025-12-06 00:00:00,TRX,0.2855062668417237,760021811.9769664,27029310521.61557
2025-12-07 00:00:00,TRX,0.2875103409700632,529471115.12419116,27225327588.60716
2025-12-08 00:00:00,TRX,0.28685675114633585,566085157.7762649,27160291546.18634
2025-12-09 00:00:00,TRX,0.28142939737116873,548640998.1466143,26649199495.521458
2025-12-10 00:00:00,TRX,0.2822370881348536,662570473.8792315,26723677906.61841
2025-12-11 00:00:00,TRX,0.28018711084105147,656409929.8101044,26525962691.484158
2025-12-12 00:00:00,TRX,0.28066785238013015,606774229.8691964,26575898856.652336
2025-12-13 00:00:00,TRX,0.2737307350459508,536935600.3108186,25920181365.638466
2025-12-14 00:00:00,TRX,0.27099918226025815,407039142.6050616,25660282015.77089
2025-12-15 00:00:00,TRX,0.2771285067096691,554019621.2075351,26236583967.298935
2025-12-16 00:00:00,TRX,0.27814197990099837,823188061.1373701,26343849451.62298
2025-12-17 00:00:00,TRX,0.2802901173558677,564603493.1654899,26534351824.414658
2025-12-18 00:00:00,TRX,0.27926185405285064,619087462.347645,26441110966.13669
2025-12-19 00:00:00,TRX,0.27941760063520077,612100812.0392854,26454335158.0482
2025-12-20 00:00:00,TRX,0.2799983408608792,587839889.0425403,26512635435.976036
2025-12-21 00:00:00,TRX,0.28128327084952043,412534506.54728323,26617926366.055492
2025-12-22 00:00:00,TRX,0.28820708739465084,584677685.8857541,27289218293.959843
2025-12-23 00:00:00,TRX,0.28429297162254574,632426271.2348518,26918213118.7684
2025-12-24 00:00:00,TRX,0.2833670770930408,450804857.6422162,26831349805.488132
2025-12-25 00:00:00,TRX,0.2801955149765627,564015869.5519067,26535930965.6229
2025-12-26 00:00:00,TRX,0.27853752901437023,432864667.42403996,26373676674.058235
2025-12-27 00:00:00,TRX,0.27953925127721946,440197981.13507277,26471777099.47492
2025-12-28 00:00:00,TRX,0.28451512884091995,455499389.390052,26940887159.38013
2025-12-29 00:00:00,TRX,0.2848908525100736,437973802.328797,26976578096.484463
2025-12-30 00:00:00,TRX,0.28456734702486347,601758499.7303604,26946505098.144924
2025-12-31 00:00:00,TRX,0.28615609930335045,476568993.5152326,27100437106.66173
2026-01-01 00:00:00,TRX,0.2843529185433732,442849572.7881778,26926567678.6245
2026-01-02 00:00:00,TRX,0.2864516260592263,378160932.799459,27117321731.27179
2026-01-03 00:00:00,TRX,0.28866343590381316,511880965.5158885,27336476523.309998
2026-01-04 00:00:00,TRX,0.29518205749608245,512651595.263559,27952401865.63866
2026-01-05 00:00:00,TRX,0.29381118624226293,509288526.4339793,27822867561.342937
2026-01-06 00:00:00,TRX,0.292064443437862,623057945.880306,27661606104.94256
2026-01-07 00:00:00,TRX,0.2939681371575773,567088904.9379557,27841317593.79885
2026-01-08 00:00:00,TRX,0.29789257318990164,661279816.7513957,28204317191.188366
2026-01-09 00:00:00,TRX,0.2947084228882212,626898944.9313267,27907221102.98502
2026-01-10 00:00:00,TRX,0.2978436167968023,618692268.3739455,28200984953.76776
2026-01-11 00:00:00,TRX,0.30167180353471507,506344368.98929894,28568701144.0134
2026-01-12 00:00:00,TRX,0.29916406331448087,581848350.1158981,28328253699.496773
2026-01-13 00:00:00,TRX,0.29948982797435697,525705808.46421695,28366028755.779274
2026-01-14 00:00:00,TRX,0.3070988788932358,731646081.522839,29077501750.608166
2026-01-15 00:00:00,TRX,0.30458242872761854,698897696.9607044,28838921062.83708
2026-01-16 00:00:00,TRX,0.3118058634977161,913461140.2356002,29526782007.71031
2026-01-17 00:00:00,TRX,0.3091997693032059,590695489.2981066,29286219188.20771
2026-01-18 00:00:00,TRX,0.3183448183235925,1516680831.409103,30158737335.316784
2026-01-19 00:00:00,TRX,0.3182782758976558,674582111.3960726,30161188831.85959
2026-01-20 00:00:00,TRX,0.31179518040042803,854076938.5352635,29536412957.811874
2026-01-21 00:00:00,TRX,0.29692475378395466,831856245.3237351,28126138168.938374
2026-01-22 00:00:00,TRX,0.2990831722070233,769177416.1303644,28326907810.836212
2026-01-23 00:00:00,TRX,0.3050603342473167,664329789.941263,28897675068.525345
2026-01-24 00:00:00,TRX,0.2973939792447422,763366401.1917365,28159168005.012497
2026-01-25 00:00:00,TRX,0.2950376173021198,482237204.7898229,27947939333.299397
2026-01-26 00:00:00,TRX,0.2953043604473472,551350432.8218583,27965620214.702435
2026-01-27 00:00:00,TRX,0.2965207531211118,490345693.4302194,28088266473.211185
2026-01-28 00:00:00,TRX,0.29427942900026594,479364140.0113818,27872718597.94899
2026-01-29 00:00:00,TRX,0.29494820141388145,599187257.94012,27940216940.957375
2026-01-30 00:00:00,TRX,0.2945226989800552,742062707.6028433,27896038764.62274
2026-01-31 00:00:00,TRX,0.29371839650035664,934714533.8101015,27817521048.598408
2026-02-01 00:00:00,TRX,0.2863275176382668,883696888.2576615,27119046711.053753
2026-02-02 00:00:00,TRX,0.2846380315974083,724319157.2075576,26960457249.930225
2026-02-03 00:00:00,TRX,0.2830563262871221,936703988.5819008,26809750668.84549
2026-02-04 00:00:00,TRX,0.2854891017030939,780137551.2932882,27046183925.712727
2026-02-05 00:00:00,TRX,0.282829051276574,771892511.7777478,26786822086.81486
2026-02-06 00:00:00,TRX,0.2693280655032727,1315102582.79878,25530263782.699326
2026-02-07 00:00:00,TRX,0.27394602117267597,1223813391.754706,25946475726.10413
2026-02-08 00:00:00,TRX,0.2780721618992324,790551977.0394225,26338219540.66984
2026-02-09 00:00:00,TRX,0.277989000211559,562199716.2134625,26329369626.754955
2026-02-10 00:00:00,TRX,0.2786403027013582,639345546.3658206,26393282830.403446
2026-02-11 00:00:00,TRX,0.277857437141291,553604131.6650819,26319769461.013996
2026-02-12 00:00:00,TRX,0.277793014862468,642734874.1639022,26308757925.032818
2026-02-13 00:00:00,TRX,0.2796480392851949,600891021.4279579,26488689780.773865
2026-02-14 00:00:00,TRX,0.2819400698122128,645782061.3586107,26704538494.92061
2026-02-15 00:00:00,TRX,0.28243579591911055,464979546.66045696,26749730558.040142
2026-02-16 00:00:00,TRX,0.2804089893669627,485960440.6067801,26559184494.956135
2026-02-17 00:00:00,TRX,0.2843782135228226,570007943.8102839,26945018372.222607
2026-02-18 00:00:00,TRX,0.28197513266495516,570684097.2389202,26710893247.146744
2026-02-19 00:00:00,TRX,0.27864512996855706,480494050.39531296,26389677821.288788
2026-02-20 00:00:00,TRX,0.28464174192067254,621270381.3614177,26964324352.3918
2026-02-21 00:00:00,TRX,0.2853446332264258,682427695.4909158,27027318981.66313
2026-02-22 00:00:00,TRX,0.2888909150860578,430314516.4572411,27366360892.42548
2026-02-23 00:00:00,TRX,0.2903992298635241,447626338.0747125,27504090352.36175
2026-02-24 00:00:00,TRX,0.2815079518559751,645999334.2105609,26663289414.97991
2026-02-25 00:00:00,TRX,0.2832385945814906,506339961.56382084,26838450555.482708
2026-02-26 00:00:00,TRX,0.2852825355260694,592251091.0957642,27025985039.397995
2026-02-27 00:00:00,TRX,0.28566995524177347,464175714.0853998,27063439026.97375
2026-02-28 00:00:00,TRX,0.28289266608855207,453363726.43378997,26799442791.472736
2026-03-01 00:00:00,TRX,0.28196976117529304,468122683.3111841,26714746199.6763
2026-03-02 00:00:00,TRX,0.28066525718740226,409148078.24302983,26594439639.82015
2026-03-03 00:00:00,TRX,0.28329657682312953,429234785.3701576,26838355402.68815
2026-03-04 00:00:00,TRX,0.2804804538459084,425030128.0561953,26577533625.187134
2026-03-05 00:00:00,TRX,0.28709106066324697,691994852.6767651,27199937284.368706
2026-03-06 00:00:00,TRX,0.2851736616135678,602391396.6030465,27015745336.058388
2026-03-07 00:00:00,TRX,0.2846797707477477,434102433.3704686,26971497706.462173
2026-03-08 00:00:00,TRX,0.2865925082523293,331880449.7962494,27150406413.294655
2026-03-09 00:00:00,TRX,0.28907049207073315,454372836.01010776,27387478406.263206
2026-03-10 00:00:00,TRX,0.28549631857707075,517092638.9003332,27049285640.901703
2026-03-11 00:00:00,TRX,0.28589259083867424,407009231.0199603,27086502993.062912
2026-03-12 00:00:00,TRX,0.2909217187037755,478269569.4033432,27563866125.68286
2026-03-13 00:00:00,TRX,0.28913603030104323,377815493.44551414,27392736841.29307
2026-03-14 00:00:00,TRX,0.29340464187201964,451844961.5402346,27799871419.607536
2026-03-15 00:00:00,TRX,0.29803030544613096,494172914.14606416,28237788521.494717
2026-03-16 00:00:00,TRX,0.2988408855417537,354340616.7584735,28314474464.873684
2026-03-17 00:00:00,TRX,0.29570801797820545,420249325.9673457,28017566531.647533
2026-03-18 00:00:00,TRX,0.3067705477632474,618530204.9727517,29059112882.994022
2026-03-19 00:00:00,TRX,0.3043873962428561,594439938.1667452,28843308506.470524
2026-03-20 00:00:00,TRX,0.30340658667850084,568104744.606874,28745336807.736774
2026-03-21 00:00:00,TRX,0.3099367651648472,490514401.34424806,29366928131.491814
2026-03-22 00:00:00,TRX,0.31217221125963046,537900078.8463305,29578190609.831818
2026-03-23 00:00:00,TRX,0.31037973302289973,773433274.8216128,29410395383.5607
2026-03-24 00:00:00,TRX,0.30732970322907743,631300512.244762,29121145368.926903
2026-03-25 00:00:00,TRX,0.3060753123504981,507908978.08677065,29002713837.46523
2026-03-26 00:00:00,TRX,0.3150462649136737,454986814.5505599,29853870347.930508
2026-03-27 00:00:00,TRX,0.31118823810725266,541117325.0586362,29489344795.20147
2026-03-28 00:00:00,TRX,0.31065038475213624,755563293.0176448,29426584197.730556
2026-03-29 00:00:00,TRX,0.3165031205336719,520271560.77376753,29991287904.376846
2026-03-30 00:00:00,TRX,0.3215656420397666,555917175.1143881,30486052469.268612
2026-03-31 00:00:00,TRX,0.31920270995632344,646843642.87663,30239917583.376217
2026-04-01 00:00:00,TRX,0.31340006606756793,635240151.7023396,29700089344.51059
2026-04-02 00:00:00,TRX,0.31587846729132313,626198136.1176441,29932929507.887398
2026-04-03 00:00:00,TRX,0.31530816736252887,647752847.4080142,29878892545.19635
2026-04-04 00:00:00,TRX,0.3152718680117416,414724478.5735308,29877690965.22807
2026-04-05 00:00:00,TRX,0.31768915729201785,367478012.9406238,30106634377.00699
2026-04-06 00:00:00,TRX,0.31892816192398993,428478331.443929,30225938886.624676
2026-04-07 00:00:00,TRX,0.31670196857106514,454248637.2999572,30009877220.412544
2026-04-08 00:00:00,TRX,0.31547091561095825,448063196.1811279,29897783285.109837
2026-04-09 00:00:00,TRX,0.317841000442707,473735260.76569587,30123552861.039516
2026-04-10 00:00:00,TRX,0.32032791050298703,489503804.32225835,30359321664.569687
2026-04-11 00:00:00,TRX,0.3192029412242701,461034192.2315064,30252166396.50465
2026-04-12 00:00:00,TRX,0.3189506082208559,420967391.462297,30227336095.870743
2026-04-13 00:00:00,TRX,0.321562867853127,491755272.715029,30475749538.222874
2026-04-14 00:00:00,TRX,0.32061580183061283,513326808.23370856,30385514803.093876
2026-04-15 00:00:00,TRX,0.32376587708778204,509393633.57135874,30684451365.753395
2026-04-16 00:00:00,TRX,0.327203471716536,641061202.4362531,31010481390.52912
2026-04-16 16:09:41,TRX,0.325700546996722,524681797.2587688,30867792229.290607
2025-04-17 00:00:00,USDC,0.9999842196107162,3893357454.8418775,60482834985.68738
2025-04-18 00:00:00,USDC,0.9999863332853353,3973374638.8121934,60905068137.7922
2025-04-19 00:00:00,USDC,0.9998877566963064,2747135812.8322825,60899531624.784546
2025-04-20 00:00:00,USDC,0.9999059314441625,3651275385.9369183,60905279546.47661
2025-04-21 00:00:00,USDC,0.9999937282175457,3061989431.016242,60912555306.20599
2025-04-22 00:00:00,USDC,0.9999295268412306,10955380199.080444,60928832833.85901
2025-04-23 00:00:00,USDC,0.999948040635173,14785509301.49456,61589269101.35528
2025-04-24 00:00:00,USDC,0.9999844241548552,10719066894.985643,61896921299.12466
2025-04-25 00:00:00,USDC,0.9999750658954055,12052791801.641602,62129850660.586266
2025-04-26 00:00:00,USDC,0.9999995370986379,7089443531.60396,62325968054.99818
2025-04-27 00:00:00,USDC,0.9999986048754816,4565749497.49175,62251662906.80433
2025-04-28 00:00:00,USDC,0.9998999514177543,4206296030.2634163,62076749988.76833
2025-04-29 00:00:00,USDC,0.9999802998301959,11802367596.126701,62026261648.921
2025-04-30 00:00:00,USDC,0.9999556644692158,9641966371.61704,62142665088.87474
2025-05-01 00:00:00,USDC,0.9999627786270868,9885218133.687128,61508869555.16433
2025-05-02 00:00:00,USDC,0.9999635274804305,9909322889.193735,61469063386.18792
2025-05-03 00:00:00,USDC,0.9998998519590344,5792030763.152974,61520122153.8279
2025-05-04 00:00:00,USDC,0.999937736431367,4604513309.510568,61504588129.61178
2025-05-05 00:00:00,USDC,0.9999975405584395,3043739723.4268956,61502292587.1267
2025-05-06 00:00:00,USDC,0.9999773199852275,9174351526.81525,61786628299.92093
2025-05-07 00:00:00,USDC,0.9999014817630761,4838925645.9273205,60949351180.20576
2025-05-08 00:00:00,USDC,0.9999593641301138,10506838904.661339,60947364928.44116
2025-05-09 00:00:00,USDC,0.9998971876187515,13320091803.523188,60867341067.19171
2025-05-10 00:00:00,USDC,0.9999006044323925,10205770996.13306,60689997043.40309
2025-05-11 00:00:00,USDC,0.9999441334184268,11482487539.764992,60800003218.424
2025-05-12 00:00:00,USDC,0.9999971273695785,6017315896.781787,60801300532.30528
2025-05-13 00:00:00,USDC,0.9999763076284792,15733243978.45645,60886438189.638725
2025-05-14 00:00:00,USDC,1.0000010178383059,10836912043.758236,60861380673.33633
2025-05-15 00:00:00,USDC,0.999949465385461,11541407021.06087,60631968614.49602
2025-05-16 00:00:00,USDC,0.999902298068884,6496149165.812416,60575195332.76094
2025-05-17 00:00:00,USDC,0.9999007264104943,6465464447.318953,60805371271.162575
2025-05-18 00:00:00,USDC,0.9998996603823109,3154936260.3220906,60894170790.318344
2025-05-19 00:00:00,USDC,0.9998672306969721,8272700126.601007,60855229769.997635
2025-05-20 00:00:00,USDC,0.9998580108986679,11593770086.682932,60617499885.70176
2025-05-21 00:00:00,USDC,0.9998333071316389,11574159527.551695,60660002910.37936
2025-05-22 00:00:00,USDC,0.9997754173620144,15339959266.928135,61178036077.039345
2025-05-23 00:00:00,USDC,0.9997832831167499,14242101250.72035,61212203672.456055
2025-05-24 00:00:00,USDC,0.9997612119273768,15193959010.344732,61723721871.26919
2025-05-25 00:00:00,USDC,0.9997985216168367,4277432002.5400286,61721143708.71242
2025-05-26 00:00:00,USDC,0.9997871665879619,3841607328.936081,61701492712.77306
2025-05-27 00:00:00,USDC,0.9997886714957062,7681813485.096442,61543750452.91037
2025-05-28 00:00:00,USDC,0.9997645882598158,10272658040.83204,61392676922.02948
2025-05-29 00:00:00,USDC,0.9997839083422009,8785572366.438305,61255011415.83986
2025-05-30 00:00:00,USDC,0.9997843066845683,10123886060.954245,61116764897.10546
2025-05-31 00:00:00,USDC,0.9998677569428971,11043310784.806791,61040432498.467636
2025-06-01 00:00:00,USDC,0.9997716021614228,6232014042.108347,60965783559.03569
2025-06-02 00:00:00,USDC,0.9997964452787363,3201467282.8467107,60910872304.54951
2025-06-03 00:00:00,USDC,0.9997979135082776,5556846147.883157,60931561094.54832
2025-06-04 00:00:00,USDC,0.9998092918813778,4603118225.478458,61456111625.28465
2025-06-05 00:00:00,USDC,0.9997757072803419,6963434636.667459,61503892540.73508
2025-06-06 00:00:00,USDC,0.9998132217813942,11841628978.786406,61192830801.60007
2025-06-07 00:00:00,USDC,0.9997797245091586,9068077504.066528,61108371805.51531
2025-06-08 00:00:00,USDC,0.999776979824994,4713552024.309541,61079859748.93986
2025-06-09 00:00:00,USDC,0.9997657971921916,4370864484.419675,61069252946.978134
2025-06-10 00:00:00,USDC,0.9997682011657161,9199047156.50604,61025956000.80089
2025-06-11 00:00:00,USDC,0.999781857788602,11191823608.509502,60981759148.884056
2025-06-12 00:00:00,USDC,0.9997887544418851,11645514328.313034,61234323266.67027
2025-06-13 00:00:00,USDC,0.9997977525276809,5380205541.870132,61083044087.78417
2025-06-14 00:00:00,USDC,0.9997176349513065,7422385786.736837,61668532113.59335
2025-06-15 00:00:00,USDC,0.9997031713415484,3360496074.2797623,61655886363.366
2025-06-16 00:00:00,USDC,0.999751625691284,5631302752.401952,61627304085.52391
2025-06-17 00:00:00,USDC,0.9997027573868028,6058414741.001522,61627132410.14026
2025-06-18 00:00:00,USDC,0.9997983896963407,5699356579.173882,61546152285.123375
2025-06-19 00:00:00,USDC,0.999781719163319,9493016328.434072,61509240699.84915
2025-06-20 00:00:00,USDC,0.9998256627536266,6762212022.270188,61352899060.46884
2025-06-21 00:00:00,USDC,0.999803995259687,4924465193.401451,61254399466.51995
2025-06-22 00:00:00,USDC,0.9998076516808256,5139562892.391047,61240656839.42593
2025-06-23 00:00:00,USDC,0.9998077845643004,7286591475.892441,61250974946.83776
2025-06-24 00:00:00,USDC,0.9998120743156017,6917167757.952507,61585219083.56823
2025-06-25 00:00:00,USDC,0.9999241459942869,12271107899.169645,61904408505.33331
2025-06-26 00:00:00,USDC,0.999865772137308,9479811358.993736,61782873643.89733
2025-06-27 00:00:00,USDC,0.9998715914547359,9145537771.851908,61706915980.07253
2025-06-28 00:00:00,USDC,0.9998050971712736,3015794476.6999607,61720216218.723915
2025-06-29 00:00:00,USDC,0.9998464724105051,3262443720.56848,61708746298.92839
2025-06-30 00:00:00,USDC,0.999804914314648,2390507848.666168,61672471232.72115
2025-07-01 00:00:00,USDC,0.9999024271641508,3598798996.4115844,61486603678.35881
2025-07-02 00:00:00,USDC,0.9998375285232088,7066698040.433283,61645964432.484375
2025-07-03 00:00:00,USDC,0.9998057127683815,5294292739.58375,61785325736.27592
2025-07-04 00:00:00,USDC,0.999902314438496,4914551317.864481,62127723751.58684
2025-07-05 00:00:00,USDC,0.9998050337453583,3271141800.9597545,62138849073.54913
2025-07-06 00:00:00,USDC,0.9998716883431156,2875064803.6657333,62207910534.00092
2025-07-07 00:00:00,USDC,0.9998568643871153,4571452947.877462,62222414420.9865
2025-07-08 00:00:00,USDC,0.9998033837830906,3929572598.9146805,61990294822.25617
2025-07-09 00:00:00,USDC,0.9998851345675297,7634323321.363018,61957203749.10844
2025-07-10 00:00:00,USDC,0.9999443646731304,10522561862.946878,62375182383.813385
2025-07-11 00:00:00,USDC,0.9998061845969209,9542556866.540653,62830227713.91529
2025-07-12 00:00:00,USDC,0.9999442947607905,18005804159.532665,63513728765.47138
2025-07-13 00:00:00,USDC,0.9998659112862894,8060193069.290438,63624539540.2064
2025-07-14 00:00:00,USDC,0.9998965750627202,7373261164.30258,63645701670.76146
2025-07-15 00:00:00,USDC,0.9998919940977691,16763770379.577682,63390464631.81877
2025-07-16 00:00:00,USDC,0.9998989754460762,16910315834.56119,62402203816.18168
2025-07-17 00:00:00,USDC,0.9998597237461274,16241757437.754097,63483508990.46475
2025-07-18 00:00:00,USDC,0.9999024627613528,13316126470.226475,64720387308.81224
2025-07-19 00:00:00,USDC,0.9998318627076013,27741743640.70382,64791644135.09668
2025-07-20 00:00:00,USDC,0.9999005128037717,8280414791.0199,64595341290.34144
2025-07-21 00:00:00,USDC,0.999899186643763,12929663381.516155,64467724533.03223
2025-07-22 00:00:00,USDC,0.9998830061052163,17057585590.796906,64758592638.76931
2025-07-23 00:00:00,USDC,0.9999035492115194,11937805898.489492,64754306762.01228
2025-07-24 00:00:00,USDC,0.9998059403333254,10174401031.592932,64663762024.72109
2025-07-25 00:00:00,USDC,0.9998108603801246,9734673986.796349,65119884120.81992
2025-07-26 00:00:00,USDC,0.9998144926441984,16442816183.227055,64024850565.97002
2025-07-27 00:00:00,USDC,0.9998130172836235,5548430973.549082,64270649511.54688
2025-07-28 00:00:00,USDC,0.9998259487427873,9653726009.459934,64285647872.1984
2025-07-29 00:00:00,USDC,0.9997563804100272,14666384401.551502,63880072658.345825
2025-07-30 00:00:00,USDC,0.9997886549197438,14438488272.836914,63804337172.67573
2025-07-31 00:00:00,USDC,0.9998279054723977,14085996649.530378,64003380358.56574
2025-08-01 00:00:00,USDC,0.9998022020632803,7916996547.2460785,64024628286.23601
2025-08-02 00:00:00,USDC,0.9997574850493177,19388511791.06571,64250322579.40557
2025-08-03 00:00:00,USDC,0.9997225166945966,9872094643.82686,64188824575.57581
2025-08-04 00:00:00,USDC,0.9997019432974759,3930995854.360824,64165551880.33778
2025-08-05 00:00:00,USDC,0.9997110650432232,6254258098.417378,64362866856.16951
2025-08-06 00:00:00,USDC,0.9998025577732242,12431169153.671953,64571350833.30457
2025-08-07 00:00:00,USDC,0.9998048523473907,6738860270.480221,64649513857.36945
2025-08-08 00:00:00,USDC,0.9998019141984443,12314840917.611277,64762663626.17614
2025-08-09 00:00:00,USDC,0.9997062783687134,7508865656.994873,65267428113.77714
2025-08-10 00:00:00,USDC,0.9997733368186723,10835001653.196617,65279194197.36424
2025-08-11 00:00:00,USDC,0.999793928003434,11567071344.864529,65200159668.74354
2025-08-12 00:00:00,USDC,0.9998334987065358,18823096358.246803,65582516791.05663
2025-08-13 00:00:00,USDC,0.9997902269421893,21251135412.890865,65600277949.560524
2025-08-14 00:00:00,USDC,0.9998074064323036,24348209311.670536,66411009283.75756
2025-08-15 00:00:00,USDC,0.9998069077058277,12990965602.003815,67666316828.349495
2025-08-16 00:00:00,USDC,0.9998065075240092,10538811844.54478,68162345082.25059
2025-08-17 00:00:00,USDC,0.999903041764514,4367349978.3006935,68175449428.10462
2025-08-18 00:00:00,USDC,0.9999005838452771,4853051204.610175,68158258982.026955
2025-08-19 00:00:00,USDC,0.9998117296458843,18146064394.60853,68278690130.78527
2025-08-20 00:00:00,USDC,0.9998042486582616,8557771531.084643,67919335078.96813
2025-08-21 00:00:00,USDC,0.9997817763468253,18682528069.604958,67501312728.84719
2025-08-22 00:00:00,USDC,0.9997952178414342,13487613433.1751,67141855554.203
2025-08-23 00:00:00,USDC,0.9997044034429591,14189887340.927805,67542011449.1576
2025-08-24 00:00:00,USDC,0.999808374767304,12547821412.642548,67542228476.65118
2025-08-25 00:00:00,USDC,0.9997929568752849,21429939105.84424,67454609360.232
2025-08-26 00:00:00,USDC,0.999760265561091,19631954050.738678,68044691544.51479
2025-08-27 00:00:00,USDC,0.9998140616869372,20131949611.35401,69011841841.88863
2025-08-28 00:00:00,USDC,0.9999025150212983,13333805409.50523,69340394517.07306
2025-08-29 00:00:00,USDC,0.9998110320529753,11866038149.391775,70620028285.78723
2025-08-30 00:00:00,USDC,0.9998102761874875,20951154307.751987,71541280531.89722
2025-08-31 00:00:00,USDC,0.9998012887207978,5757684329.139153,71538548184.44302
2025-09-01 00:00:00,USDC,0.999807617410376,6566994501.290148,71549491496.40121
2025-09-02 00:00:00,USDC,0.9998028307188782,17297238319.69856,71513530485.20557
2025-09-03 00:00:00,USDC,0.9997152095962891,10714462770.3458,72146971879.89037
2025-09-04 00:00:00,USDC,0.9998020379643014,7533811668.229365,72672911069.14882
2025-09-05 00:00:00,USDC,0.9998103536156192,8484149276.378115,72570847322.3635
2025-09-06 00:00:00,USDC,0.9998057828255038,16040211544.717104,72464557041.88847
2025-09-07 00:00:00,USDC,0.99984255642477,3323914535.3318963,72547699909.17642
2025-09-08 00:00:00,USDC,0.9998028936062057,3538822739.6844444,72499319914.56313
2025-09-09 00:00:00,USDC,0.9998021364178094,8450297008.725593,72425624280.22612
2025-09-10 00:00:00,USDC,0.99970623902952,9290206265.342182,72661309825.54846
2025-09-11 00:00:00,USDC,0.9997981376285149,14974542655.195055,72353022867.15466
2025-09-12 00:00:00,USDC,0.9997829645848934,16785612656.609068,72437004729.26895
2025-09-13 00:00:00,USDC,0.9997533692894122,19484128083.375046,72975110549.91373
2025-09-14 00:00:00,USDC,0.9998024550055059,9055094840.964233,73169475841.81604
2025-09-15 00:00:00,USDC,0.999764361210421,13221789671.625793,73194785399.01404
2025-09-16 00:00:00,USDC,0.999783033575139,17785380837.134674,73194539085.54532
2025-09-17 00:00:00,USDC,0.9997816595925962,14706014129.96492,73610319439.59213
2025-09-18 00:00:00,USDC,0.9997076224494962,12829037269.29042,73594450402.46196
2025-09-19 00:00:00,USDC,0.9997286082156372,27849120991.448666,74338680585.20328
2025-09-20 00:00:00,USDC,0.9997102821354971,7931064159.878444,74163618655.86676
2025-09-21 00:00:00,USDC,0.9997025687107672,5795323531.683949,73976208429.79012
2025-09-22 00:00:00,USDC,0.9997020360910328,5303196232.062255,73960703749.01588
2025-09-23 00:00:00,USDC,0.9997056974114489,14845441649.564701,74131793688.85382
2025-09-24 00:00:00,USDC,0.9996041863358982,9203595070.03124,73979784471.65208
2025-09-25 00:00:00,USDC,0.9997050727046423,9754977500.845879,74153783390.91512
2025-09-26 00:00:00,USDC,0.9997061603387549,18814382509.34941,73967925897.96547
2025-09-27 00:00:00,USDC,0.9996986364243708,15582045747.476595,73769508933.57736
2025-09-28 00:00:00,USDC,0.9996189303064487,7234036151.109536,73723140848.84122
2025-09-29 00:00:00,USDC,0.9997055307361046,7407026461.044738,73668158839.96417
2025-09-30 00:00:00,USDC,0.9996117790446111,8999832693.761444,73503911954.7772
2025-10-01 00:00:00,USDC,0.9997046145430776,10487588265.344687,73395860021.48103
2025-10-02 00:00:00,USDC,0.9998045987491716,12341253248.551918,73936203902.37366
2025-10-03 00:00:00,USDC,0.9997814567152021,18530738475.06542,74303858028.50404
2025-10-04 00:00:00,USDC,0.9998434065788699,20135345295.423573,75402867504.72406
2025-10-05 00:00:00,USDC,0.9997002982613519,6321359091.001355,75340591581.69048
2025-10-06 00:00:00,USDC,0.9997031715004473,10952814780.992722,75216551271.27759
2025-10-07 00:00:00,USDC,0.9997414065991995,20397360929.006096,75490408399.69547
2025-10-08 00:00:00,USDC,0.9996256018766565,14192103584.876059,75582405046.00488
2025-10-09 00:00:00,USDC,0.9996975205135418,18971469951.199116,75665318341.2458
2025-10-10 00:00:00,USDC,0.99980093500008,11512051847.20843,75574178484.05225
2025-10-11 00:00:00,USDC,0.9997854932511728,37812075462.45516,75026867754.30981
2025-10-12 00:00:00,USDC,0.999873024924141,26599083694.08299,75382187140.60086
2025-10-13 00:00:00,USDC,0.9999242517378707,28802494554.007336,75639712687.31621
2025-10-14 00:00:00,USDC,0.9999964562425981,13790511961.657696,75821593638.51003
2025-10-15 00:00:00,USDC,0.9999017446415942,17964105448.65286,76219878474.08218
2025-10-16 00:00:00,USDC,0.9998015420153263,12696753971.570591,76066936940.32709
2025-10-17 00:00:00,USDC,0.9998017638299638,11795811418.056234,75948741220.90154
2025-10-18 00:00:00,USDC,0.9999001841318939,13538934353.267094,76033638109.43999
2025-10-19 00:00:00,USDC,0.9998039369182469,4467782309.278221,75939549186.60498
2025-10-20 00:00:00,USDC,0.9998202707785887,7136534405.36995,75939618382.20375
2025-10-21 00:00:00,USDC,0.9998007048891119,8534426339.747472,76201196395.60898
2025-10-22 00:00:00,USDC,0.9998077275547395,11796411426.790405,76780747878.54977
2025-10-23 00:00:00,USDC,0.9998030311177085,11972691972.919851,76534953556.23419
2025-10-24 00:00:00,USDC,0.9998098851666196,11740745301.403206,76493628580.56049
2025-10-25 00:00:00,USDC,0.9998854747634316,13982929241.280312,76326620231.9463
2025-10-26 00:00:00,USDC,0.9998019433171337,3884507672.342614,76278128433.61526
2025-10-27 00:00:00,USDC,0.9998977460063121,6908027090.429244,76236838551.97643
2025-10-28 00:00:00,USDC,0.999842184903193,16167474464.125076,76159183452.11792
2025-10-29 00:00:00,USDC,0.9998075020708052,9856093666.271488,76198885072.7698
2025-10-30 00:00:00,USDC,0.9998072950252083,9389022072.746925,76301584814.62709
2025-10-31 00:00:00,USDC,0.9998004909416555,12303747140.999887,75950060281.33815
2025-11-01 00:00:00,USDC,0.9997086074836985,9379145182.411907,75912385027.86111
2025-11-02 00:00:00,USDC,0.99979,3727872928.2122397,75855338093.96507
2025-11-03 00:00:00,USDC,0.9998089560169484,6762477388.0854845,75797588536.42018
2025-11-04 00:00:00,USDC,0.9998042852503668,10870417423.99644,75556937074.62796
2025-11-05 00:00:00,USDC,0.9997754376441258,31223865839.900936,75145449692.42545
2025-11-06 00:00:00,USDC,0.9997024641044927,10889562863.6902,75296518973.28085
2025-11-07 00:00:00,USDC,0.9997035096409963,9352519328.006535,75451938946.93945
2025-11-08 00:00:00,USDC,0.9999996508087408,10858969674.081158,75779329530.51295
2025-11-09 00:00:00,USDC,0.9998015344601315,5871758043.699255,75700645708.50941
2025-11-10 00:00:00,USDC,0.9997055439669811,6594805931.380961,75757366577.00575
2025-11-11 00:00:00,USDC,0.9998018988426187,9092972978.786434,76155747955.87144
2025-11-12 00:00:00,USDC,0.9997038962728055,7413120662.071087,75967424757.97282
2025-11-13 00:00:00,USDC,0.9998011325422312,8400423462.565134,76052521919.11623
2025-11-14 00:00:00,USDC,0.999781737633796,17354063546.07576,75578542259.78708
2025-11-15 00:00:00,USDC,0.9997938433989074,18716967192.111176,74989995354.03566
2025-11-16 00:00:00,USDC,0.9997995696297937,6598537583.491719,74928978465.23138
2025-11-17 00:00:00,USDC,0.9998008685518206,7469103311.133149,74854938591.16776
2025-11-18 00:00:00,USDC,0.9998021731929515,11382630010.682827,74892956509.57384
2025-11-19 00:00:00,USDC,0.9998043658497393,11067539912.720297,74880488294.86015
2025-11-20 00:00:00,USDC,0.9996323820188232,16793394249.412348,74643339219.06718
2025-11-21 00:00:00,USDC,0.9997031730993816,11212634592.396582,73909788280.45352
2025-11-22 00:00:00,USDC,0.9997108372368417,11634623033.481176,74040826913.06186
2025-11-23 00:00:00,USDC,0.9997037332843601,4174136245.5794554,74004667844.06729
2025-11-24 00:00:00,USDC,0.999703080918218,4979343679.637801,74068748779.50249
2025-11-25 00:00:00,USDC,0.9996829213491458,11137827321.098473,74501543758.89574
2025-11-26 00:00:00,USDC,0.9996824730952604,8243510428.078304,75168587746.09627
2025-11-27 00:00:00,USDC,0.9997972023888205,5905651954.630295,75754672529.57784
2025-11-28 00:00:00,USDC,0.9997030160038415,4525071312.255071,76024535653.55592
2025-11-29 00:00:00,USDC,0.9997029420362908,7009365738.540114,76529002202.7604
2025-11-30 00:00:00,USDC,0.999822788403676,4753376846.339867,76543535518.57362
2025-12-01 00:00:00,USDC,0.9998089052386435,2863151480.4945755,76589515806.04205
2025-12-02 00:00:00,USDC,0.9998021969217399,7722227250.631792,77509820034.28696
2025-12-03 00:00:00,USDC,0.9999004027555739,5892767495.285436,77509490840.23564
2025-12-04 00:00:00,USDC,0.9999001763007447,5433621379.025341,77812656340.26474
2025-12-05 00:00:00,USDC,0.9998048293821209,4433031600.098449,78052939534.6978
2025-12-06 00:00:00,USDC,0.9997055432438996,5491766070.996578,78062265665.87842
2025-12-07 00:00:00,USDC,0.9997900728964493,3399925436.1069365,78125782618.12518
2025-12-08 00:00:00,USDC,0.9998630197417429,7949137517.063286,78177215513.57675
2025-12-09 00:00:00,USDC,0.9998048604531456,6711239025.860942,78322005232.93845
2025-12-10 00:00:00,USDC,0.9998012884796253,9549671257.399817,78461039498.99965
2025-12-11 00:00:00,USDC,0.9987978733235967,14732102989.344917,78247279770.47147
2025-12-12 00:00:00,USDC,0.9999016505724215,13779145162.078003,78273133759.30103
2025-12-13 00:00:00,USDC,0.9998851213184454,11090202330.56021,78479111692.53076
2025-12-14 00:00:00,USDC,0.9999651607835981,4216700530.08134,78424700012.9138
2025-12-15 00:00:00,USDC,1.0000357862126887,6386102714.933674,78400153698.20047
2025-12-16 00:00:00,USDC,1.0000466470796425,12962997559.433086,78445964850.04926
2025-12-17 00:00:00,USDC,1.000115606129505,11441727172.534433,78315434993.7644
2025-12-18 00:00:00,USDC,0.9999302335823484,13304762879.451006,78042840696.92249
2025-12-19 00:00:00,USDC,0.9998234047754657,14095552174.832333,77331627180.34195
2025-12-20 00:00:00,USDC,0.9998367110499486,13408610036.087254,77093596994.70663
2025-12-21 00:00:00,USDC,1.0000175235676143,4012596766.687027,77077940358.12505
2025-12-22 00:00:00,USDC,1.0000375373243724,5049249593.456723,77107714886.00273
2025-12-23 00:00:00,USDC,0.9999015270910463,12378186117.133236,77107982651.43582
2025-12-24 00:00:00,USDC,0.9997550269293676,19694487933.0804,76915464264.76744
2025-12-25 00:00:00,USDC,1.0000761307482435,8644020706.089872,76591043824.28026
2025-12-26 00:00:00,USDC,0.999708152829279,6410796360.55412,76476959213.82686
2025-12-27 00:00:00,USDC,0.9998892293013324,9780446207.470388,76517544120.7733
2025-12-28 00:00:00,USDC,1.0002418040526544,4076080433.20352,76474911697.4624
2025-12-29 00:00:00,USDC,1.0000312646730498,4687511750.265879,76384734230.46066
2025-12-30 00:00:00,USDC,0.9997865671078336,13687921663.8218,76016098863.74144
2025-12-31 00:00:00,USDC,0.9998741904541762,10772402694.832142,76008223428.32848
2026-01-01 00:00:00,USDC,0.9998079595892425,10003628420.667046,75371182421.47166
2026-01-02 00:00:00,USDC,0.9998929070732341,5397599139.072123,75187332687.29697
2026-01-03 00:00:00,USDC,0.9998884956114008,13987662563.237244,75338085489.51773
2026-01-04 00:00:00,USDC,0.9999694949220108,5796143475.310068,75382811888.47682
2026-01-05 00:00:00,USDC,0.99994767057984,6658943823.036218,75441548669.84816
2026-01-06 00:00:00,USDC,0.9997646956253706,15513902457.85601,75769878326.6978
2026-01-07 00:00:00,USDC,0.9999044905222884,15175363352.995682,75749018875.95282
2026-01-08 00:00:00,USDC,0.9999322696573381,12682315693.330158,75208766704.42323
2026-01-09 00:00:00,USDC,0.9998951178132236,13808663116.454426,74977683650.8868
2026-01-10 00:00:00,USDC,0.9999362857694422,11466055051.786749,74787856335.98029
2026-01-11 00:00:00,USDC,1.0003489550813633,4171193758.535504,74713286205.17264
2026-01-12 00:00:00,USDC,0.999900908621291,5269877360.893935,74629591185.86687
2026-01-13 00:00:00,USDC,0.9997849605034322,13823348430.321257,74341587408.56544
2026-01-14 00:00:00,USDC,0.9997108545905758,20711221137.63387,75016056899.61877
2026-01-15 00:00:00,USDC,0.9997746563122052,21789490332.697803,75806879075.3657
2026-01-16 00:00:00,USDC,0.9997743951637605,14765499116.871725,75673057112.48198
2026-01-17 00:00:00,USDC,1.001629321318781,11500655027.406929,75985424473.90607
2026-01-18 00:00:00,USDC,1.000011438265263,5052557881.74096,76020188662.64745
2026-01-19 00:00:00,USDC,0.9997294620195241,4997193470.923582,75956415747.38663
2026-01-20 00:00:00,USDC,0.9997017779406955,6458827057.123154,75815735295.47107
2026-01-21 00:00:00,USDC,0.9996979313062893,8912497589.557781,74927824593.92998
2026-01-22 00:00:00,USDC,0.9997001672785395,9675633490.008656,74440160183.65816
2026-01-23 00:00:00,USDC,0.9996947697891806,9692378419.117548,73725876877.11763
2026-01-24 00:00:00,USDC,0.9996058398565779,8490105714.32148,72893696034.71667
2026-01-25 00:00:00,USDC,0.9996149057029275,3199188963.8111615,72525746654.4399
2026-01-26 00:00:00,USDC,0.9997030029047972,5332108862.239536,72391867384.72154
2026-01-27 00:00:00,USDC,0.9997003489393441,7873453099.435496,72062863058.69075
2026-01-28 00:00:00,USDC,0.9997019330566218,24068470916.91532,71545146183.63538
2026-01-29 00:00:00,USDC,0.9997009682915375,12662196611.75151,71222533431.20903
2026-01-30 00:00:00,USDC,0.9997013064355282,7572219527.570909,70300438185.34792
2026-01-31 00:00:00,USDC,0.9997108063526825,8330245035.8159895,70048084221.75757
2026-02-01 00:00:00,USDC,0.999551829097527,12949149905.274965,70165928923.21927
2026-02-02 00:00:00,USDC,0.999700608459596,8054041562.279906,70278789633.51726
2026-02-03 00:00:00,USDC,0.9997028013678845,11224041070.83138,70641107077.41772
2026-02-04 00:00:00,USDC,0.9997367556761859,18020333714.205036,70764424031.34343
2026-02-05 00:00:00,USDC,0.9997762773856064,19260992094.309017,70724659469.83084
2026-02-06 00:00:00,USDC,0.9998205027768796,31435010490.75506,70621497254.34673
2026-02-07 00:00:00,USDC,0.9997158854583122,16812063838.928791,72486291025.07703
2026-02-08 00:00:00,USDC,0.9998020317022461,9112509000.135555,72663403646.94044
2026-02-09 00:00:00,USDC,0.9998878552156443,5052770822.390151,72853256563.12044
2026-02-10 00:00:00,USDC,0.9999133817203614,5963321840.6331625,73017621342.34886
2026-02-11 00:00:00,USDC,0.9999441786196898,15357370958.176554,73298558614.85742
2026-02-12 00:00:00,USDC,0.9998318791240498,11192813554.124018,73327256816.46031
2026-02-13 00:00:00,USDC,0.9999174894442571,14308804226.49587,73161159172.6478
2026-02-14 00:00:00,USDC,0.9999191436363117,6009342412.340052,73476716063.94586
2026-02-15 00:00:00,USDC,0.9999087993769401,3289571082.2696376,73538747787.5806
2026-02-16 00:00:00,USDC,0.9999028499736515,5247322327.565422,73608499482.57
2026-02-17 00:00:00,USDC,0.9999001988245916,4772034137.277585,73679064910.16641
2026-02-18 00:00:00,USDC,0.9999995679680491,3591674338.2108707,73499968672.9741
2026-02-19 00:00:00,USDC,0.9998678186996376,8155107953.63389,73581990881.96634
2026-02-20 00:00:00,USDC,0.999999140168384,3159145864.1655126,73854460914.97928
2026-02-21 00:00:00,USDC,0.9998029775448778,4469760665.065036,74439728036.96278
2026-02-22 00:00:00,USDC,0.9999946226797948,2415328781.56056,74455440992.85896
2026-02-23 00:00:00,USDC,1.0000027938042413,1891277571.7804942,74435063995.43195
2026-02-24 00:00:00,USDC,0.9998071412956467,6705165448.168649,74770549337.12044
2026-02-25 00:00:00,USDC,0.9999010180910151,6638859636.552259,74927198039.54846
2026-02-26 00:00:00,USDC,0.9998992436007735,6548822352.896498,75352262969.77148
2026-02-27 00:00:00,USDC,0.9999725865343111,10862145967.999289,75314838727.91203
2026-02-28 00:00:00,USDC,0.9999987472907106,5823882978.612446,75227319202.03062
2026-03-01 00:00:00,USDC,0.9999259700387437,4477329181.408588,75184269623.3704
2026-03-02 00:00:00,USDC,0.9999997409839912,4657571121.059891,75192261862.23296
2026-03-03 00:00:00,USDC,0.9999862995580471,11770709140.18669,75933895612.55305
2026-03-04 00:00:00,USDC,0.9999958502511042,6223905597.01122,76330431281.0647
2026-03-05 00:00:00,USDC,0.9999898339207121,9962587403.06726,77066875508.36983
2026-03-06 00:00:00,USDC,0.99990233736905,7606116581.543122,77163682665.69066
2026-03-07 00:00:00,USDC,0.9999301796243705,8503806946.536798,77338993283.97954
2026-03-08 00:00:00,USDC,0.9999992381669117,1912573281.942883,77256826391.67438
2026-03-09 00:00:00,USDC,0.9999988585857569,2630299632.0839105,77239570378.56953
2026-03-10 00:00:00,USDC,0.9999396506209167,12280551741.869183,78207613126.26581
2026-03-11 00:00:00,USDC,0.9999533776305615,13865507568.85772,78672040314.52556
2026-03-12 00:00:00,USDC,0.9999085357921847,4127969222.477801,78807446763.98502
2026-03-13 00:00:00,USDC,0.9999037396879101,6774979974.207627,78810170251.4458
2026-03-14 00:00:00,USDC,0.9999975217717855,10552795920.067816,79209014629.64243
2026-03-15 00:00:00,USDC,0.9999949375694421,2295282838.4184465,79188577197.11958
2026-03-16 00:00:00,USDC,0.9999924184473785,5550551264.2147,79149237129.9105
2026-03-17 00:00:00,USDC,0.9999838477767906,14530986350.993137,79300229487.66437
2026-03-18 00:00:00,USDC,0.9999027508662952,6309643882.800352,79617224110.07278
2026-03-19 00:00:00,USDC,0.999944542447532,11320067989.764553,79432600574.47002
2026-03-20 00:00:00,USDC,0.9999049706576838,7378386844.436881,79240632955.95074
2026-03-21 00:00:00,USDC,0.9999355238585799,9255227608.212105,79060219421.05858
2026-03-22 00:00:00,USDC,0.9999293938205495,2746127901.1730037,79017544107.28935
2026-03-23 00:00:00,USDC,0.9999220735337522,5718741347.944517,78975467285.87347
2026-03-24 00:00:00,USDC,0.9999080044628692,13923747715.446238,78647783334.62715
2026-03-25 00:00:00,USDC,0.999857887311389,10825196380.392273,78637661360.63583
2026-03-26 00:00:00,USDC,0.9998493111778469,9624139052.720858,78651029793.18867
2026-03-27 00:00:00,USDC,0.9997831080891435,7524865563.0545635,78065824234.8928
2026-03-28 00:00:00,USDC,0.999838254932514,11177968444.752247,77752987029.2416
2026-03-29 00:00:00,USDC,0.9997482561804376,3992155383.089808,77749073498.5849
2026-03-30 00:00:00,USDC,0.9997669307012653,3680203701.753153,77718040003.31131
2026-03-31 00:00:00,USDC,0.9997288055493505,5065249982.343468,77437649563.11867
2026-04-01 00:00:00,USDC,0.9996517793595919,9170156631.72462,77143883325.30286
2026-04-02 00:00:00,USDC,0.9998306821701641,13625283394.848837,77146050319.86108
2026-04-03 00:00:00,USDC,1.000054804224836,11610096644.006374,77191483582.91728
2026-04-04 00:00:00,USDC,1.000212869593405,6497505799.466669,77551428138.9955
2026-04-05 00:00:00,USDC,0.9998177260575365,3769095692.16948,77509138422.18379
2026-04-06 00:00:00,USDC,0.9997972973711395,5674931738.203739,77492224390.92285
2026-04-07 00:00:00,USDC,0.9999468214695344,12015448298.510891,77852436113.92717
2026-04-08 00:00:00,USDC,0.9998755756532424,14021222454.116196,77801523706.03574
2026-04-09 00:00:00,USDC,1.0000182215777695,14316430345.432095,78238941523.04596
2026-04-10 00:00:00,USDC,0.9998625470930618,13638345065.41808,78355755574.5709
2026-04-11 00:00:00,USDC,0.9999130093821668,12323945878.969976,78670006535.95605
2026-04-12 00:00:00,USDC,0.9999244417071448,6400531550.954256,78635700243.44542
2026-04-13 00:00:00,USDC,0.9999927563171532,8013980071.615591,78607553190.67357
2026-04-14 00:00:00,USDC,0.9997774155408229,16553860996.257637,78751690956.77441
2026-04-15 00:00:00,USDC,0.9998097186805234,22198812151.345573,78734877888.77649
2026-04-16 00:00:00,USDC,0.9999519715013132,15533329109.954857,78573580321.15543
2026-04-16 16:09:45,USDC,0.9998852875800086,18361386191.675327,78703861673.369
2025-04-17 00:00:00,USDT,1.000002611700067,21762446975.495525,144632716534.40927
2025-04-18 00:00:00,USDT,1.00000586634771,18391235173.388428,144806058274.99985
2025-04-19 00:00:00,USDT,0.9998455446122065,22583974343.5137,144773493164.272
2025-04-20 00:00:00,USDT,0.9999083639300109,13854465473.744902,144626535181.3877
2025-04-21 00:00:00,USDT,0.9999760948031948,25351370137.20375,144636655192.65256
2025-04-22 00:00:00,USDT,1.0000096563092031,29848480762.599045,144628467100.05707
2025-04-23 00:00:00,USDT,1.0004298063652504,80881735485.4284,144787216371.0264
2025-04-24 00:00:00,USDT,1.0003852686057302,51666373449.626884,145334994442.8229
2025-04-25 00:00:00,USDT,1.0003890021201753,53538050332.736626,145704892662.22678
2025-04-26 00:00:00,USDT,1.0006110387102658,56995739809.00175,146102824559.95065
2025-04-27 00:00:00,USDT,1.0003249262539928,21970758968.047268,147176227949.38904
2025-04-28 00:00:00,USDT,1.00033375492636,15972314678.09902,147177522305.55164
2025-04-29 00:00:00,USDT,1.0002202294721647,34530636473.70461,147276031291.01443
2025-04-30 00:00:00,USDT,1.0002713897319473,38860301915.247795,148006012381.16373
2025-05-01 00:00:00,USDT,1.000085396458574,20876789759.136845,148428458921.78488
2025-05-02 00:00:00,USDT,1.0002902932609476,47471860504.16957,148729502512.55002
2025-05-03 00:00:00,USDT,1.0003720380689882,38099562235.06589,148960089669.36575
2025-05-04 00:00:00,USDT,1.0002291163925612,11548401867.993353,149216918792.02405
2025-05-05 00:00:00,USDT,1.0000388198237913,15292715843.383814,149359909126.67517
2025-05-06 00:00:00,USDT,0.9999183177679312,18243951518.9161,149346610972.1294
2025-05-07 00:00:00,USDT,0.9999414709946485,36880618253.22139,149419951385.11246
2025-05-08 00:00:00,USDT,1.0001813000419701,21362240966.768036,149457054005.27136
2025-05-09 00:00:00,USDT,0.9999326461630238,47757615632.17068,149493872634.72855
2025-05-10 00:00:00,USDT,1.0000674187168492,77348989322.6802,149743084522.3816
2025-05-11 00:00:00,USDT,1.000084338434013,42662958720.93326,149889745922.2353
2025-05-12 00:00:00,USDT,1.0001889600333305,67722115427.44655,149905101863.97977
2025-05-13 00:00:00,USDT,1.0000362715451414,67380623655.12605,150062819973.57834
2025-05-14 00:00:00,USDT,1.0001320179941608,84560072234.8274,150076010701.81958
2025-05-15 00:00:00,USDT,1.0001635958929476,68975302358.08977,150363832522.01163
2025-05-16 00:00:00,USDT,1.000133593656696,71589627196.964,150686295171.93018
2025-05-17 00:00:00,USDT,1.0002154837976236,55613506367.74495,151086450912.1188
2025-05-18 00:00:00,USDT,1.0003034339013903,45710751023.8628,151256967601.13028
2025-05-19 00:00:00,USDT,1.0003100276018133,60816959758.51789,151335913569.9966
2025-05-20 00:00:00,USDT,1.0002580445896923,76624511173.92236,151397243586.7935
2025-05-21 00:00:00,USDT,1.0002557843757724,68055988276.71813,151623683545.6729
2025-05-22 00:00:00,USDT,1.0003630194083748,103794013661.46913,151965145889.9434
2025-05-23 00:00:00,USDT,1.0001861220516468,89700415063.98604,152429358067.93
2025-05-24 00:00:00,USDT,1.000092076028757,96504410502.0485,152504474726.0133
2025-05-25 00:00:00,USDT,1.0002022766014327,44154714943.24946,152731781250.04868
2025-05-26 00:00:00,USDT,1.0003417873168594,48205519513.85755,152785634650.1942
2025-05-27 00:00:00,USDT,1.0002640914987955,44371372237.32768,152773329685.2376
2025-05-28 00:00:00,USDT,1.0004200223221857,69083910035.02612,152821712873.4083
2025-05-29 00:00:00,USDT,1.0001814586820421,32911197324.746918,152939615248.6882
2025-05-30 00:00:00,USDT,0.9999495541528401,65359860830.86699,153012882316.87454
2025-05-31 00:00:00,USDT,1.000247715130016,55689110064.553535,153119221148.4424
2025-06-01 00:00:00,USDT,1.0003264594318246,19803244766.874424,153082120332.94412
2025-06-02 00:00:00,USDT,1.0003716820883177,18654464330.93524,153153034403.6833
2025-06-03 00:00:00,USDT,1.0003849075983908,40950127832.045975,153206457899.89407
2025-06-04 00:00:00,USDT,1.0005530007046008,46697457912.08813,153397794279.6906
2025-06-05 00:00:00,USDT,1.0004200584852525,42678501600.063866,153785541890.78516
2025-06-06 00:00:00,USDT,1.000360290202957,47858006699.30989,153888799244.76022
2025-06-07 00:00:00,USDT,1.0006511503587576,44530412667.081924,154223964621.06296
2025-06-08 00:00:00,USDT,1.000430700769271,27615466105.301853,154535435745.18573
2025-06-09 00:00:00,USDT,1.0003473899852149,29124132960.38632,154813893920.00262
2025-06-10 00:00:00,USDT,1.000286795454842,59942852126.42106,154815100257.24564
2025-06-11 00:00:00,USDT,1.00006453655806,69294901543.96965,155191377114.92856
2025-06-12 00:00:00,USDT,1.0001404992361649,35693012060.83018,155060034616.54254
2025-06-13 00:00:00,USDT,1.0002698057743862,61203635635.13986,155229279159.86356
2025-06-14 00:00:00,USDT,1.00031779192818,37671146467.24339,155241505784.7768
2025-06-15 00:00:00,USDT,1.0003010126168363,17730025829.348217,155516573446.70776
2025-06-16 00:00:00,USDT,1.0000315872512937,13147022175.773252,155452141769.05713
2025-06-17 00:00:00,USDT,1.000366762933256,50519696777.54969,155544907963.97885
2025-06-18 00:00:00,USDT,1.0000213122909019,63181401441.16144,155479539457.37143
2025-06-19 00:00:00,USDT,1.0001544327405687,27553471151.039486,155588301934.80716
2025-06-20 00:00:00,USDT,1.0000575884313008,15953738885.907185,155728724343.18478
2025-06-21 00:00:00,USDT,1.000016779381578,27727183521.48383,155943659515.59326
2025-06-22 00:00:00,USDT,1.0001771868169653,40362095973.28882,155914735505.37784
2025-06-23 00:00:00,USDT,1.0001760035164122,37617312021.492065,155823535902.08963
2025-06-24 00:00:00,USDT,1.0005680858193842,30627659753.04954,156064607850.97464
2025-06-25 00:00:00,USDT,1.0004180868065167,33868815091.5619,156407434582.08188
2025-06-26 00:00:00,USDT,1.0004815192680219,47290560827.3395,156766999298.43674
2025-06-27 00:00:00,USDT,1.000347010938295,33669740952.855576,157271724601.06177
2025-06-28 00:00:00,USDT,1.0003368979263507,23287527002.824574,157533488924.85007
2025-06-29 00:00:00,USDT,1.0002750130398774,20696834496.64779,157534240466.23904
2025-06-30 00:00:00,USDT,1.000122333337896,19863440738.397785,157596199393.19992
2025-07-01 00:00:00,USDT,1.000208290221961,20353383599.230373,157725452770.4913
2025-07-02 00:00:00,USDT,1.0000827770589626,22462425575.86348,157728281420.36035
2025-07-03 00:00:00,USDT,1.0003296838512101,32822093682.630093,157879549490.15512
2025-07-04 00:00:00,USDT,1.0002529231468722,55037293095.63335,158312598178.93857
2025-07-05 00:00:00,USDT,1.0002100728429393,45905467447.91458,158456545511.90213
2025-07-06 00:00:00,USDT,1.000160308294955,21363798497.26789,158621120525.43677
2025-07-07 00:00:00,USDT,1.000049609924067,33459920612.822254,158634407829.99646
2025-07-08 00:00:00,USDT,1.0000093156866026,43334208233.4862,158583008856.6118
2025-07-09 00:00:00,USDT,1.0001143731514475,42451541482.49418,158677174828.34338
2025-07-10 00:00:00,USDT,1.0002437201767664,68355446017.87931,158706387150.6509
2025-07-11 00:00:00,USDT,1.000020355197814,114846099986.63416,158789684206.1827
2025-07-12 00:00:00,USDT,1.0002379276948352,153584146074.8535,159124450417.99405
2025-07-13 00:00:00,USDT,1.0002185609712217,69384835675.40242,159432153628.75653
2025-07-14 00:00:00,USDT,1.0002981074921349,69263802471.60252,159532935861.2492
2025-07-15 00:00:00,USDT,1.0001190394259274,141978688323.2895,159549816472.643
2025-07-16 00:00:00,USDT,1.0000324475220275,149463090112.59375,159888845413.1027
2025-07-17 00:00:00,USDT,1.000413034018476,143833462682.69345,160046475251.48993
2025-07-18 00:00:00,USDT,1.0005948487774843,148567430193.41876,160355259560.11707
2025-07-19 00:00:00,USDT,1.0005121935682277,191607486449.62137,160901686887.3535
2025-07-20 00:00:00,USDT,1.000442922095366,83058286264.84108,161623516431.03748
2025-07-21 00:00:00,USDT,1.0003982951451216,132247224256.08635,161657924155.92453
2025-07-22 00:00:00,USDT,1.0003253410311788,157654552439.70813,161714313907.55716
2025-07-23 00:00:00,USDT,1.0003683807421098,169171585822.89502,161998859726.48193
2025-07-24 00:00:00,USDT,1.0003665884315096,148083396501.16238,162001064184.97644
2025-07-25 00:00:00,USDT,1.000405404581935,144988143184.0504,162581045547.76492
2025-07-26 00:00:00,USDT,1.00001857339078,173452728613.7006,163050890399.23785
2025-07-27 00:00:00,USDT,1.0002304819882168,68417639774.29207,163335949202.88684
2025-07-28 00:00:00,USDT,1.0002490520064742,78004032163.90776,163611552679.87692
2025-07-29 00:00:00,USDT,0.9999392300020177,107685318862.10614,163590746762.937
2025-07-30 00:00:00,USDT,0.9997850775942497,91479930019.17,163622824216.23938
2025-07-31 00:00:00,USDT,0.9999018266880995,88603882374.11038,163743255734.61145
2025-08-01 00:00:00,USDT,0.9998539683378429,87296445569.92133,163726923788.97968
2025-08-02 00:00:00,USDT,0.9995568348474042,118591430910.2776,163828186245.7113
2025-08-03 00:00:00,USDT,0.9997523208388738,68663182357.183716,163859964337.55692
2025-08-04 00:00:00,USDT,1.0000266512366076,53740436415.015396,163898336148.0803
2025-08-05 00:00:00,USDT,0.9999181073304267,70469500029.58426,163892973829.06534
2025-08-06 00:00:00,USDT,0.9999170725091329,72886493030.21014,163881457760.11612
2025-08-07 00:00:00,USDT,1.0001797713784089,61739486448.437065,163849751258.64297
2025-08-08 00:00:00,USDT,1.0001389419384314,81280526670.10367,164062882581.09888
2025-08-09 00:00:00,USDT,1.000030992245778,85135943524.34077,164348036577.36246
2025-08-10 00:00:00,USDT,1.000168794164386,75896934724.78142,164510960910.42734
2025-08-11 00:00:00,USDT,1.0000602590857817,77280856718.19548,164514579394.95172
2025-08-12 00:00:00,USDT,0.9999829869476258,114150601504.14378,164531428220.9301
2025-08-13 00:00:00,USDT,0.9997296050669174,109742961906.89711,164582366980.36435
2025-08-14 00:00:00,USDT,1.0002440820198915,138224640229.69952,165067250309.70636
2025-08-15 00:00:00,USDT,1.0006696117747134,159491341399.24634,165136555130.99542
2025-08-16 00:00:00,USDT,1.0006533939618045,114652990786.05931,165965167893.58472
2025-08-17 00:00:00,USDT,1.0005920553104726,62503156014.74853,166492984191.68777
2025-08-18 00:00:00,USDT,1.0006410132241819,61957697486.42189,166762498064.89728
2025-08-19 00:00:00,USDT,1.000442851117242,101225227953.01988,166805473910.4239
2025-08-20 00:00:00,USDT,0.9998945359369547,98286596936.19408,167025249464.9712
2025-08-21 00:00:00,USDT,1.0000788444692659,96954023787.20813,167022764187.69885
2025-08-22 00:00:00,USDT,0.9997761693543452,78272330217.08852,167022463443.8843
2025-08-23 00:00:00,USDT,0.9996892446667663,126157629801.86548,167015858355.2277
2025-08-24 00:00:00,USDT,0.9996401483071974,69928172793.50339,167091079556.32883
2025-08-25 00:00:00,USDT,0.9999390681762844,99806094843.98724,167139162109.3019
2025-08-26 00:00:00,USDT,1.00018714745014,119833587772.86423,167189640747.67313
2025-08-27 00:00:00,USDT,1.0001891801825256,98368948461.83917,167227656284.75525
2025-08-28 00:00:00,USDT,1.000105476419362,83538531090.9803,167227040389.9868
2025-08-29 00:00:00,USDT,1.00011769867452,77369522108.30402,167350893321.808
2025-08-30 00:00:00,USDT,1.0002180919460786,104920903319.70706,167393291686.28262
2025-08-31 00:00:00,USDT,1.0002107070247845,56781278758.8427,167623030177.18237
2025-09-01 00:00:00,USDT,1.0001597516639043,57126568879.48764,168033937030.53226
2025-09-02 00:00:00,USDT,1.0000806360780041,88805771399.66347,168042730226.59213
2025-09-03 00:00:00,USDT,1.00001687329654,94104589755.07726,168030536519.75308
2025-09-04 00:00:00,USDT,1.0003823316647011,76381886130.61108,168208879799.11713
2025-09-05 00:00:00,USDT,1.0001348551398812,75766253739.92482,168341103332.74863
2025-09-06 00:00:00,USDT,1.0001833753079745,103695540884.86519,168571448655.179
2025-09-07 00:00:00,USDT,1.0003779524697336,43329859427.7727,168935354719.06802
2025-09-08 00:00:00,USDT,1.0000219843383196,48320733179.754005,168873494952.15576
2025-09-09 00:00:00,USDT,1.0000579293134815,84283713111.35646,168888299256.7979
2025-09-10 00:00:00,USDT,1.000053656224186,95250777611.70592,168935638241.06598
2025-09-11 00:00:00,USDT,1.0002971138909202,101759458620.28375,169143657795.09875
2025-09-12 00:00:00,USDT,1.000373133913673,91500378009.79524,169443595938.2991
2025-09-13 00:00:00,USDT,1.0006552383716873,111497269289.56252,169647322430.77823
2025-09-14 00:00:00,USDT,1.0005703979160467,86880299474.69229,170091547144.3486
2025-09-15 00:00:00,USDT,1.0006522223972127,76054169961.9356,170336524837.73416
2025-09-16 00:00:00,USDT,1.000306655432184,103670423181.58035,170303334835.32635
2025-09-17 00:00:00,USDT,1.00030329934126,84436394460.38292,170858172815.05698
2025-09-18 00:00:00,USDT,1.0003279335572053,119529070116.79543,171006848211.07492
2025-09-19 00:00:00,USDT,1.000345821394593,106457828470.55296,171181401557.2812
2025-09-20 00:00:00,USDT,1.0004389455936578,79141715035.97394,171519427516.86133
2025-09-21 00:00:00,USDT,1.0004519233234754,49251555128.32031,171511067457.4239
2025-09-22 00:00:00,USDT,1.0003996998579925,54129364583.56237,172005777812.51822
2025-09-23 00:00:00,USDT,1.0008149369072938,148634323158.67914,172157397166.50168
2025-09-24 00:00:00,USDT,1.00020622908386,95869166817.73633,172785885820.29865
2025-09-25 00:00:00,USDT,1.0003361332268497,95762394503.51546,173101417753.8346
2025-09-26 00:00:00,USDT,1.000460775694293,163110106015.57825,173523720973.87344
2025-09-27 00:00:00,USDT,1.0005543213798342,120743260575.62448,173535663991.02292
2025-09-28 00:00:00,USDT,1.0004491881555393,55504679755.477196,174270349818.45258
2025-09-29 00:00:00,USDT,1.0003198218515963,64362648294.292076,174425533712.1196
2025-09-30 00:00:00,USDT,1.0005010520102045,110848281968.85864,174459824720.40707
2025-10-01 00:00:00,USDT,1.000018673481624,107974277211.29546,174690086251.1323
2025-10-02 00:00:00,USDT,1.000462448524064,126649444428.33652,174999290965.29602
2025-10-03 00:00:00,USDT,1.000503503415681,132814083206.65411,175816608503.01376
2025-10-04 00:00:00,USDT,1.000544000815825,144021464366.8455,176335566592.27377
2025-10-05 00:00:00,USDT,1.0003463641728818,69602186345.0929,176304224855.29468
2025-10-06 00:00:00,USDT,1.0002063425022278,124763565289.9581,177067514950.84668
2025-10-07 00:00:00,USDT,1.0003194654260557,128594901776.85402,177079964922.25107
2025-10-08 00:00:00,USDT,1.0003888166736086,150850717465.07776,177494668064.36362
2025-10-09 00:00:00,USDT,1.000223743804291,121359317225.57214,177950841608.52524
2025-10-10 00:00:00,USDT,1.0005326353908706,133400288766.12158,178429389762.36295
2025-10-11 00:00:00,USDT,1.0016980114477425,279475066021.1879,178990649162.2722
2025-10-12 00:00:00,USDT,1.0015910950619138,205134164704.39996,179446718177.73962
2025-10-13 00:00:00,USDT,1.0012064340426674,177587154697.41925,180012440570.36078
2025-10-14 00:00:00,USDT,1.0010448156599423,149634545636.9953,179968076038.43332
2025-10-15 00:00:00,USDT,1.0006630390150077,176816134209.65115,180724457715.88098
2025-10-16 00:00:00,USDT,1.000749398195703,131003332173.70793,180746576093.0095
2025-10-17 00:00:00,USDT,1.0004468221463727,143390171600.74045,181409776329.57938
2025-10-18 00:00:00,USDT,1.0007447500452409,162438382521.76486,181690604096.15802
2025-10-19 00:00:00,USDT,1.0006155367215122,62934797558.515686,181974341826.86774
2025-10-20 00:00:00,USDT,1.0005786726425696,83425916868.07271,181983632002.44144
2025-10-21 00:00:00,USDT,1.0005209542728335,107350200563.21481,181966466928.96762
2025-10-22 00:00:00,USDT,1.0005377258321992,160898991239.56604,182056845390.38022
2025-10-23 00:00:00,USDT,1.0003537541872067,137107207457.52118,182479294245.7441
2025-10-24 00:00:00,USDT,1.0004373425122302,103527875181.33763,182583812791.9298
2025-10-25 00:00:00,USDT,1.0003988225109746,94038648940.65529,182964141441.5654
2025-10-26 00:00:00,USDT,1.0003768991286075,46161263064.822464,182955826348.95685
2025-10-27 00:00:00,USDT,1.000176020519839,77962639210.60797,183191897789.51465
2025-10-28 00:00:00,USDT,1.000152551518408,113410919524.75192,183199468540.68066
2025-10-29 00:00:00,USDT,1.0003256637366387,100531335121.82585,183287874389.86386
2025-10-30 00:00:00,USDT,1.0002963762458494,110663863414.66809,183390521235.13968
2025-10-31 00:00:00,USDT,1.0001451170906006,123921884666.86476,183366211111.34683
2025-11-01 00:00:00,USDT,0.9997613396310829,105575423962.98329,183355571992.56003
2025-11-02 00:00:00,USDT,0.9998818639567623,49432328261.811104,183434428104.09067
2025-11-03 00:00:00,USDT,1.000051051961886,62971225634.8545,183457006523.76016
2025-11-04 00:00:00,USDT,0.999930831555092,142633878975.20038,183437646536.87018
2025-11-05 00:00:00,USDT,1.0000184561644159,205448238546.24353,183420827853.5468
2025-11-06 00:00:00,USDT,1.0000622627090339,138051404931.50647,183473350319.9698
2025-11-07 00:00:00,USDT,0.9996022127140984,107895342681.54776,183373529053.05545
2025-11-08 00:00:00,USDT,0.9997038898335675,135551252531.91801,183390255204.8163
2025-11-09 00:00:00,USDT,0.9998054172250922,72384206478.84206,183418028030.36932
2025-11-10 00:00:00,USDT,0.9997484395404648,79213818683.01474,183426322660.04382
2025-11-11 00:00:00,USDT,0.9996030715147917,119081414296.63548,183465216167.62888
2025-11-12 00:00:00,USDT,0.999349317395904,110949210288.90015,183429112491.61316
2025-11-13 00:00:00,USDT,0.9998130307164758,99091452974.56438,184005021987.05792
2025-11-14 00:00:00,USDT,0.9993618044307863,139574503757.3405,183904959047.3268
2025-11-15 00:00:00,USDT,0.999680959130411,152509213595.10242,183909651707.65637
2025-11-16 00:00:00,USDT,0.9996246101770074,67821753541.56786,183963683697.83734
2025-11-17 00:00:00,USDT,0.9993190329462049,100303317657.71997,183926036215.10297
2025-11-18 00:00:00,USDT,0.9989341251832764,135917954775.0746,183853937016.8522
2025-11-19 00:00:00,USDT,0.99953538731093,136521665982.94324,183762763572.12384
2025-11-20 00:00:00,USDT,0.9991356314216548,121350416161.70515,183700071934.62238
2025-11-21 00:00:00,USDT,0.9989084510154201,138465674221.43167,184591758908.99014
2025-11-22 00:00:00,USDT,0.9995667612223625,189549861517.7301,184703894075.64175
2025-11-23 00:00:00,USDT,0.9996011360900307,63276982532.545456,184513624922.39407
2025-11-24 00:00:00,USDT,0.9997980455482303,77662847110.05278,184450064025.40848
2025-11-25 00:00:00,USDT,0.9998949863637528,103262171537.31999,184364174120.28717
2025-11-26 00:00:00,USDT,0.999717867932697,85680707122.5856,184483146090.68137
2025-11-27 00:00:00,USDT,0.9999518408386144,86435973006.76012,184558481141.5772
2025-11-28 00:00:00,USDT,0.9999991140026167,69981151341.5508,184564207381.05972
2025-11-29 00:00:00,USDT,1.0002318385773636,77165794087.94505,184659967249.50595
2025-11-30 00:00:00,USDT,1.000340907895428,42510835725.815926,184678012913.09058
2025-12-01 00:00:00,USDT,1.000181306641648,45160456914.51956,184642693214.2226
2025-12-02 00:00:00,USDT,1.0000558497195582,122182851898.5309,184606686821.1453
2025-12-03 00:00:00,USDT,1.000344051827248,101913638310.9986,184651818638.35516
2025-12-04 00:00:00,USDT,1.0002864445960538,103033371455.1763,185357034454.79858
2025-12-05 00:00:00,USDT,1.0001821287427555,85519158858.88292,185551970438.9393
2025-12-06 00:00:00,USDT,1.0002399211259376,84015422667.15088,185563081663.07333
2025-12-07 00:00:00,USDT,1.000291790862194,42476879922.86799,185686266932.78265
2025-12-08 00:00:00,USDT,1.0002475315778305,60832294215.65805,185692880290.29166
2025-12-09 00:00:00,USDT,1.0001107474548456,75983504514.19458,185671906870.26855
2025-12-10 00:00:00,USDT,1.0000848799868705,95702532297.38177,185738221203.8327
2025-12-11 00:00:00,USDT,1.0002070681900972,91106330675.57954,186094769376.64676
2025-12-12 00:00:00,USDT,1.0001945938187802,89364012069.9975,186188230590.29712
2025-12-13 00:00:00,USDT,1.0001854863063484,73918349484.2336,186249151423.14764
2025-12-14 00:00:00,USDT,1.0001605788660395,35732096405.86298,186242557114.83234
2025-12-15 00:00:00,USDT,1.0001851020212924,47712400261.303276,186286668583.92514
2025-12-16 00:00:00,USDT,1.0000863047726964,85059458354.67023,186264086469.99362
2025-12-17 00:00:00,USDT,0.9998948723968891,75049961527.40997,186312032469.20587
2025-12-18 00:00:00,USDT,0.9997999195444268,80611458052.1778,186282760329.77426
2025-12-19 00:00:00,USDT,0.9996105362032618,95134314336.35738,186202092308.7985
2025-12-20 00:00:00,USDT,0.999472033793072,91150829881.20825,186226677116.68268
2025-12-21 00:00:00,USDT,0.9997314653663346,34590081396.89725,186773632481.95554
2025-12-22 00:00:00,USDT,0.9997879164137358,45641455300.06808,186787106692.936
2025-12-23 00:00:00,USDT,0.9995442858829462,71784659231.81429,186810914380.77274
2025-12-24 00:00:00,USDT,0.9994863410961572,66051422413.00261,186827189365.3243
2025-12-25 00:00:00,USDT,0.9995187050751727,50761157299.53775,186793465675.51428
2025-12-26 00:00:00,USDT,0.9995192930170843,40940993604.97576,186791970834.21866
2025-12-27 00:00:00,USDT,0.9993672322965341,72507830611.07948,186755060290.9574
2025-12-28 00:00:00,USDT,0.9994697292631358,30522091661.66237,186731617227.19147
2025-12-29 00:00:00,USDT,0.999388470477294,33317609992.60835,186710944191.7638
2025-12-30 00:00:00,USDT,0.9989163153615535,88703335227.37904,186622402821.9425
2025-12-31 00:00:00,USDT,0.9990185260447324,64303596361.28416,187154085276.56702
2026-01-01 00:00:00,USDT,0.9986627246946019,58195534932.68826,187087814456.25006
2026-01-02 00:00:00,USDT,0.9988679818488146,38796750130.60788,186881197640.76086
2026-01-03 00:00:00,USDT,0.9995983333094133,84896094861.56871,187028151245.34985
2026-01-04 00:00:00,USDT,0.9996521246231304,43570444760.81319,187040826581.55585
2026-01-05 00:00:00,USDT,0.9996105685061611,55665679286.62911,187033604127.80338
2026-01-06 00:00:00,USDT,0.9999633560368231,97503170556.34671,187103572836.6614
2026-01-07 00:00:00,USDT,0.9996615466659723,97348627248.51791,187031955233.17282
2026-01-08 00:00:00,USDT,0.9991211966174102,76599025681.85664,186930057326.40845
2026-01-09 00:00:00,USDT,0.9991569593828226,81418055589.22401,186936759077.0123
2026-01-10 00:00:00,USDT,0.9987276753488908,69870018031.91983,186820832482.81674
2026-01-11 00:00:00,USDT,0.9987499416269449,27310550606.11372,186725420234.34818
2026-01-12 00:00:00,USDT,0.9986722833366012,37516035910.16294,186718468708.03577
2026-01-13 00:00:00,USDT,0.9989061546969549,77633032582.94763,186728266708.03033
2026-01-14 00:00:00,USDT,0.999590698812193,112822936860.87506,186771850333.70477
2026-01-15 00:00:00,USDT,0.9999649191311663,114986874859.14427,186839106905.32626
2026-01-16 00:00:00,USDT,0.999724541665556,95314831838.92538,186815349657.5701
2026-01-17 00:00:00,USDT,0.9996022336202626,63178465505.46336,186794505781.4522
2026-01-18 00:00:00,USDT,0.9996410363945221,34834442229.398125,186801806868.7753
2026-01-19 00:00:00,USDT,0.9996290977580051,43599302760.16334,186927369421.50107
2026-01-20 00:00:00,USDT,0.9993594339116765,83849478556.23157,186887286830.97342
2026-01-21 00:00:00,USDT,0.9988487030723944,102038312956.73915,186799503247.3594
2026-01-22 00:00:00,USDT,0.9991305081309328,104100686930.54706,186851423145.38486
2026-01-23 00:00:00,USDT,0.9990496724620155,69173932354.83276,186739115367.89322
2026-01-24 00:00:00,USDT,0.998778892989168,79841823919.22955,186674668629.3653
2026-01-25 00:00:00,USDT,0.9985569101355587,33890724944.09197,186632218279.99
2026-01-26 00:00:00,USDT,0.9989948541177421,70494476531.28986,186711872137.79523
2026-01-27 00:00:00,USDT,0.9989547535101524,87520840598.42317,186340326833.81772
2026-01-28 00:00:00,USDT,0.9986909091346773,79385703990.4636,186293602721.5445
2026-01-29 00:00:00,USDT,0.9985417486852866,76045210813.41638,186055690577.93094
2026-01-30 00:00:00,USDT,0.9984872795552621,113819694748.00395,185567893600.27087
2026-01-31 00:00:00,USDT,0.9985230477227056,130418475376.86609,185572421338.23502
2026-02-01 00:00:00,USDT,0.9989497615329074,138806979003.95142,185172123360.56732
2026-02-02 00:00:00,USDT,0.9989392888486452,104926752392.82854,185167207996.4271
2026-02-03 00:00:00,USDT,0.9992001010087601,144943793846.22897,185204055264.10693
2026-02-04 00:00:00,USDT,0.9987167613016705,129977544965.83496,185108966305.29825
2026-02-05 00:00:00,USDT,0.9979612681080594,126710406788.96834,185340237262.97598
2026-02-06 00:00:00,USDT,0.9982250428285866,213994765591.6486,185398015856.29736
2026-02-07 00:00:00,USDT,0.9993888421960845,211619852134.09854,185607175248.67572
2026-02-08 00:00:00,USDT,0.9994305117681377,116999075144.90572,185609495020.07922
2026-02-09 00:00:00,USDT,0.999499498559742,66152150874.92032,184478793107.54248
2026-02-10 00:00:00,USDT,0.9995763421525862,88706029735.21799,184439644113.59195
2026-02-11 00:00:00,USDT,0.9994983972219773,74454954255.75401,184308875462.89185
2026-02-12 00:00:00,USDT,0.9994115981365723,85949158064.73518,183911794652.42288
2026-02-13 00:00:00,USDT,0.999346447755714,75287821196.42139,183900181610.993
2026-02-14 00:00:00,USDT,0.999526705546248,70700775517.72125,183726133687.93607
2026-02-15 00:00:00,USDT,0.9996671716102811,63743729208.98599,183758607357.15604
2026-02-16 00:00:00,USDT,0.9995907413979994,85838092904.71838,183702555799.0948
2026-02-17 00:00:00,USDT,0.9996299905566526,63254052736.60891,183684801652.64395
2026-02-18 00:00:00,USDT,0.9996560408199576,64669141498.73611,183684433314.5899
2026-02-19 00:00:00,USDT,0.9996612869116703,60859502455.20677,183682918392.2768
2026-02-20 00:00:00,USDT,0.9996645344960943,57095665101.92193,183665780089.60416
2026-02-21 00:00:00,USDT,0.9996107557292512,81560793772.82895,183667839868.90802
2026-02-22 00:00:00,USDT,0.9997716894518883,37207806661.98278,183686857339.718
2026-02-23 00:00:00,USDT,0.9996113662285153,34676635543.48002,183570410393.52386
2026-02-24 00:00:00,USDT,0.9997189462103195,90957851445.69318,183573059921.86572
2026-02-25 00:00:00,USDT,1.0000583892729342,69685751462.0334,183635498180.31897
2026-02-26 00:00:00,USDT,1.0001858815580689,94659207398.66522,183651184142.42084
2026-02-27 00:00:00,USDT,1.0000449542644683,74917746160.38226,183544656646.3209
2026-02-28 00:00:00,USDT,1.0000379974136187,71262396087.08199,183548842293.3003
2026-03-01 00:00:00,USDT,1.0003547856985877,76134960296.2443,183647729221.63733
2026-03-02 00:00:00,USDT,1.0000489255310072,74100373438.1059,183645907140.8536
2026-03-03 00:00:00,USDT,1.000035599976023,97896550567.6348,183642447577.10538
2026-03-04 00:00:00,USDT,1.0000336152572948,84650809790.36569,183737853544.7725
2026-03-05 00:00:00,USDT,1.0001290807294116,123046015365.74576,183736169646.39322
2026-03-06 00:00:00,USDT,1.000047151881986,85118429885.85846,184052260386.86688
2026-03-07 00:00:00,USDT,0.9999596593304437,70838468857.23846,183962598573.74182
2026-03-08 00:00:00,USDT,0.999979394830107,39069661588.640366,183967956042.79846
2026-03-09 00:00:00,USDT,1.0000187244840877,55821215539.19565,183914012338.90463
2026-03-10 00:00:00,USDT,1.000035923210783,81865892482.56384,183923185594.4979
2026-03-11 00:00:00,USDT,1.0000168490151076,86809936018.16296,183929673067.4558
2026-03-12 00:00:00,USDT,1.0000517587254645,72965356158.17609,183969617777.85583
2026-03-13 00:00:00,USDT,0.9999523695965462,68769328414.66628,183981790166.302
2026-03-14 00:00:00,USDT,1.0000900040216567,100041475015.82155,184028730143.92877
2026-03-15 00:00:00,USDT,1.0001415880465405,38563858588.58551,184055828565.32678
2026-03-16 00:00:00,USDT,1.0001097507916341,49130764754.21382,184052526756.51514
2026-03-17 00:00:00,USDT,1.000019771606636,105320169168.62126,184070605225.22406
2026-03-18 00:00:00,USDT,1.0001758946865917,82776056952.42319,184120055571.37796
2026-03-19 00:00:00,USDT,0.9999921589218256,79703563840.38205,184092877537.5607
2026-03-20 00:00:00,USDT,1.0001271715337983,76791654527.8052,184116041386.90872
2026-03-21 00:00:00,USDT,0.9998984155342372,62863175533.68652,184159671470.33096
2026-03-22 00:00:00,USDT,0.9998006110538279,34140072542.860096,184140300990.1908
2026-03-23 00:00:00,USDT,0.9997599806581059,52139776701.00877,184138080518.58176
2026-03-24 00:00:00,USDT,0.9997280714604861,91635330091.9148,184132084541.98962
2026-03-25 00:00:00,USDT,0.9995464025750291,68188587271.87693,184145914153.7079
2026-03-26 00:00:00,USDT,0.9996158559527771,62399968580.45413,184145224850.51407
2026-03-27 00:00:00,USDT,0.9993777608233682,78999101581.64795,184102704219.69037
2026-03-28 00:00:00,USDT,0.9993090210116136,76641405476.10576,184086003521.34445
2026-03-29 00:00:00,USDT,0.9992705593616054,39037431169.7329,184082179209.16235
2026-03-30 00:00:00,USDT,0.9992400743545208,38189832780.599266,184072756198.06995
2026-03-31 00:00:00,USDT,0.9992106628948578,61754410341.95552,184077685174.25375
2026-04-01 00:00:00,USDT,0.9991033235488419,82966503163.4155,184059421031.63733
2026-04-02 00:00:00,USDT,0.9998709253042358,74692519677.35881,184198985881.31918
2026-04-03 00:00:00,USDT,0.9999692066117987,74432928672.56035,184157803213.5954
2026-04-04 00:00:00,USDT,0.9998907119545611,40950132800.75861,184142428888.5738
2026-04-05 00:00:00,USDT,0.9999481912545097,33899933885.440693,184154218737.5481
2026-04-06 00:00:00,USDT,0.9996444370601621,40716083572.20167,184085324373.41238
2026-04-07 00:00:00,USDT,0.9999504381512833,72494703479.45149,184140611563.24783
2026-04-08 00:00:00,USDT,0.9998298565131113,85109759687.80737,184118034614.8804
2026-04-09 00:00:00,USDT,1.000006769345285,70221522914.21844,184114355687.73486
2026-04-10 00:00:00,USDT,0.999972350408578,63117955003.43047,184104292584.66092
2026-04-11 00:00:00,USDT,1.0002738427080755,60647862268.55773,184331139150.41266
2026-04-12 00:00:00,USDT,1.0002867204969805,41186962954.96676,184329205001.80136
2026-04-13 00:00:00,USDT,1.000133221808943,49585241417.12921,184396863750.00598
2026-04-14 00:00:00,USDT,1.0002696907099002,81114443662.60347,184721749492.03278
2026-04-15 00:00:00,USDT,1.0003562372230053,92204844503.21779,185545387132.76224
2026-04-16 00:00:00,USDT,1.0001582732288328,64422639550.72168,185508700610.16122
2026-04-16 16:08:30,USDT,1.000120990334696,76160756345.90831,185768944062.94122
2025-04-17 00:00:00,XRP,2.0835198434155506,2975625490.375688,121582974416.46419
2025-04-18 00:00:00,XRP,2.0677436115822867,2069087395.311297,120634755808.2574
2025-04-19 00:00:00,XRP,2.062691684044618,1528702114.8309712,120498813069.50467
2025-04-20 00:00:00,XRP,2.0855273823856817,1198082570.278999,121758359729.22354
2025-04-21 00:00:00,XRP,2.0747196454629124,1454273605.4356875,121133082660.90799
2025-04-22 00:00:00,XRP,2.0806696781556395,2357222891.83461,121475020267.02992
2025-04-23 00:00:00,XRP,2.221159426695198,4117163104.17999,129738952495.80452
2025-04-24 00:00:00,XRP,2.217823599038466,4996062046.359891,129639794259.17175
2025-04-25 00:00:00,XRP,2.206600349886956,4208930304.223753,128910293391.45277
2025-04-26 00:00:00,XRP,2.1852873809524738,3234722208.502314,127618810209.93896
2025-04-27 00:00:00,XRP,2.1932493737799863,2459783783.285445,128211658278.5239
2025-04-28 00:00:00,XRP,2.2566771719971905,3751692488.2109566,131895374150.1833
2025-04-29 00:00:00,XRP,2.2959679622378415,4072974943.4389,134250948391.53383
2025-04-30 00:00:00,XRP,2.2399407863578777,2489793878.0180745,130723771364.09366
2025-05-01 00:00:00,XRP,2.1934727928877984,3252726421.623423,128224503927.07297
2025-05-02 00:00:00,XRP,2.2143085222346612,2155611895.0543213,129560735707.48988
2025-05-03 00:00:00,XRP,2.2089170454344824,1739910937.9821632,129205378828.50716
2025-05-04 00:00:00,XRP,2.188707355411367,1214767487.7877498,128054986434.6052
2025-05-05 00:00:00,XRP,2.1580623583353407,1372805879.5778592,126191990501.91487
2025-05-06 00:00:00,XRP,2.1371617409153263,2194829695.4970164,125040025715.65521
2025-05-07 00:00:00,XRP,2.1553467775958843,2048616981.3491316,126104946148.98138
2025-05-08 00:00:00,XRP,2.1289110212370352,3559099566.438218,124559831965.93013
2025-05-09 00:00:00,XRP,2.318857034757937,4731256282.308641,135698075505.87671
2025-05-10 00:00:00,XRP,2.34260418658349,6008731144.741504,137157723819.54608
2025-05-11 00:00:00,XRP,2.465515991652043,4343182682.254746,144193513526.4072
2025-05-12 00:00:00,XRP,2.3665185406774456,3957902320.317386,138618419781.15787
2025-05-13 00:00:00,XRP,2.5407166812994824,10787624520.70423,148849179940.72635
2025-05-14 00:00:00,XRP,2.5882656119238727,6137110174.707251,151577986548.9196
2025-05-15 00:00:00,XRP,2.552660064054796,4956660171.954109,149428679555.88635
2025-05-16 00:00:00,XRP,2.3780203600308965,5285627666.563696,139404660869.70312
2025-05-17 00:00:00,XRP,2.387491166631724,3668091279.885704,139986244266.36224
2025-05-18 00:00:00,XRP,2.352615765613394,2378581122.524433,137901408638.97586
2025-05-19 00:00:00,XRP,2.4178990437197814,2871045382.6763167,141620424382.77466
2025-05-20 00:00:00,XRP,2.3808727609208282,3326769717.093891,139572032487.0291
2025-05-21 00:00:00,XRP,2.356578233921423,2736702822.998838,138242427979.4986
2025-05-22 00:00:00,XRP,2.4028996266349396,3857208347.067667,141104708088.64645
2025-05-23 00:00:00,XRP,2.4284164339274192,3423292472.9337497,142497452230.75037
2025-05-24 00:00:00,XRP,2.2991928362328755,3803614983.5157166,135209260273.52768
2025-05-25 00:00:00,XRP,2.3319094660057416,1372961335.2188973,136856085709.11539
2025-05-26 00:00:00,XRP,2.3405861862412927,1905275005.1451297,137358561276.94505
2025-05-27 00:00:00,XRP,2.3082922649115565,1661784737.5361876,135464456690.66678
2025-05-28 00:00:00,XRP,2.3186677687774426,2048276738.5749948,136063470027.7747
2025-05-29 00:00:00,XRP,2.2746048552552507,2074053702.379202,133537852092.5528
2025-05-30 00:00:00,XRP,2.2505538163676135,2179459280.652964,132132467347.38953
2025-05-31 00:00:00,XRP,2.1423194738068942,3372833929.9944954,125892164966.56429
2025-06-01 00:00:00,XRP,2.177000081626197,2268132685.3159456,127925904411.56554
2025-06-02 00:00:00,XRP,2.1802830722675224,1521954083.381058,128150107940.42342
2025-06-03 00:00:00,XRP,2.2004265864927537,1856646284.2520795,129301420887.84296
2025-06-04 00:00:00,XRP,2.2486280245071963,2193921747.996483,132150735303.62874
2025-06-05 00:00:00,XRP,2.202322198067478,1714810311.215842,129408473711.78876
2025-06-06 00:00:00,XRP,2.0970164299223453,2893388349.562232,123342049733.6962
2025-06-07 00:00:00,XRP,2.163852346114403,1854390911.9791367,127281615711.7592
2025-06-08 00:00:00,XRP,2.1779065492597427,953843043.4304752,128119087930.23564
2025-06-09 00:00:00,XRP,2.2629632981656744,2297445951.3852534,133080974653.21156
2025-06-10 00:00:00,XRP,2.321075765224377,2774696976.06667,136535438437.44032
2025-06-11 00:00:00,XRP,2.305016386019404,2612062557.9833493,135601731484.23772
2025-06-12 00:00:00,XRP,2.2701428874939213,2624047756.9494534,133437196298.07864
2025-06-13 00:00:00,XRP,2.1954298391805,2202653947.4050665,129189732814.77596
2025-06-14 00:00:00,XRP,2.148866270593598,3949716840.388356,126534557978.46504
2025-06-15 00:00:00,XRP,2.141891800480294,1687489656.576244,126263429802.95172
2025-06-16 00:00:00,XRP,2.166318490313782,1231293467.1767986,127577707973.1105
2025-06-17 00:00:00,XRP,2.255537416572947,4466552529.620607,133168717149.84471
2025-06-18 00:00:00,XRP,2.1632317759396993,3466660612.110638,127416681908.18704
2025-06-19 00:00:00,XRP,2.1686830671349613,2350823381.424604,127820962755.39302
2025-06-20 00:00:00,XRP,2.166239439916603,1450568729.9521883,127674651295.66653
2025-06-21 00:00:00,XRP,2.1201128146436803,2098115334.487172,124953533243.95668
2025-06-22 00:00:00,XRP,2.044379922195215,2305504805.382443,120411151497.55313
2025-06-23 00:00:00,XRP,2.013512764553698,4449887424.63551,118672394254.47311
2025-06-24 00:00:00,XRP,2.1640075102022664,4004307867.6364536,127539548337.53386
2025-06-25 00:00:00,XRP,2.1890368617248566,3119419439.9970093,129018976028.34126
2025-06-26 00:00:00,XRP,2.1839169388853152,2234760744.378113,128924835580.36104
2025-06-27 00:00:00,XRP,2.105597069865388,2569634191.4677787,124230689777.04051
2025-06-28 00:00:00,XRP,2.140945561649059,2600100605.537264,126287954127.92236
2025-06-29 00:00:00,XRP,2.185743305637095,1909072124.1732078,128959095356.2813
2025-06-30 00:00:00,XRP,2.2080779439640237,1320178860.3618104,130291214168.36028
2025-07-01 00:00:00,XRP,2.2397868943055363,3688723731.503887,132156902495.55835
2025-07-02 00:00:00,XRP,2.171453605552325,2782662990.9534025,128126705578.13293
2025-07-03 00:00:00,XRP,2.234339504341481,3660413082.1301646,131977600025.21939
2025-07-04 00:00:00,XRP,2.2565985381225446,3456952710.4009995,133259962343.86203
2025-07-05 00:00:00,XRP,2.220660517934634,1759263909.260319,131144534229.89864
2025-07-06 00:00:00,XRP,2.2177115630108464,898181111.5827129,130972769052.7035
2025-07-07 00:00:00,XRP,2.2711234551626793,2334073292.9256063,134151998248.59271
2025-07-08 00:00:00,XRP,2.275084085302051,3876739211.500435,134350852686.02478
2025-07-09 00:00:00,XRP,2.3106154308712163,2680689161.887867,136497008281.73683
2025-07-10 00:00:00,XRP,2.405267395272407,4432186610.184976,142094073894.76715
2025-07-11 00:00:00,XRP,2.5456780481070833,5263609598.373313,150138989600.80466
2025-07-12 00:00:00,XRP,2.735777793849028,14004307576.909258,161862097553.51227
2025-07-13 00:00:00,XRP,2.7403085663356155,7635333692.640345,161796742917.52557
2025-07-14 00:00:00,XRP,2.836943449825265,6320439963.46504,167709014396.6901
2025-07-15 00:00:00,XRP,2.954285567242737,10642114059.840887,174691801800.57703
2025-07-16 00:00:00,XRP,2.917723690315136,7556524928.072073,172608862751.97787
2025-07-17 00:00:00,XRP,3.0408154279719146,7793207547.31447,179784902655.3871
2025-07-18 00:00:00,XRP,3.494535310837583,19394273607.04806,206790617970.8479
2025-07-19 00:00:00,XRP,3.417044710420229,16031012566.653502,202056421574.12247
2025-07-20 00:00:00,XRP,3.43091157808989,5783505866.425777,203036588057.2096
2025-07-21 00:00:00,XRP,3.455651421168503,7847665162.660737,204531521314.64954
2025-07-22 00:00:00,XRP,3.55629271011838,8362003947.111928,210472490159.30972
2025-07-23 00:00:00,XRP,3.5512409390828505,7908195545.8158,210230480631.16995
2025-07-24 00:00:00,XRP,3.1784172529582473,13257602437.964903,188186759786.34775
2025-07-25 00:00:00,XRP,3.1443151661109243,10402261389.142485,185920871104.63107
2025-07-26 00:00:00,XRP,3.1383147630505817,7590707148.3824,185810977838.7848
2025-07-27 00:00:00,XRP,3.167241692335099,3792391471.850104,187641581965.9033
2025-07-28 00:00:00,XRP,3.232752992185551,4272843726.2721925,191396539707.53333
2025-07-29 00:00:00,XRP,3.1234939366799126,7076691375.932294,184768043390.20883
2025-07-30 00:00:00,XRP,3.1280707477497427,5629285480.992563,185283974088.98334
2025-07-31 00:00:00,XRP,3.0996192442543777,6061881858.858245,183489681384.74945
2025-08-01 00:00:00,XRP,3.0232512791444304,5274343598.404958,179326407753.82678
2025-08-02 00:00:00,XRP,2.9619031982658726,9588289635.150093,175651026151.1029
2025-08-03 00:00:00,XRP,2.769267387192411,6626410931.129626,164294692749.69305
2025-08-04 00:00:00,XRP,2.9486352217251337,4775415471.329626,174843464841.0272
2025-08-05 00:00:00,XRP,3.0727905982283095,5293305246.052242,182226168416.1388
2025-08-06 00:00:00,XRP,2.9649981287242557,4965545788.579667,175947744749.02496
2025-08-07 00:00:00,XRP,2.992045726720115,4082166604.029814,177454281208.94727
2025-08-08 00:00:00,XRP,3.3154332521736825,7757095979.615032,196586563136.16388
2025-08-09 00:00:00,XRP,3.288160253111489,8889928900.443523,195118577955.89972
2025-08-10 00:00:00,XRP,3.229511537620619,4765475379.036455,191448306716.0005
2025-08-11 00:00:00,XRP,3.1838901988281205,4658567865.909019,188762634633.81073
2025-08-12 00:00:00,XRP,3.1394273590070134,7508618703.880955,186208442509.3679
2025-08-13 00:00:00,XRP,3.26747236546907,8587094638.178333,193890996169.89874
2025-08-14 00:00:00,XRP,3.2866811377117644,8018820706.857553,194924756464.55508
2025-08-15 00:00:00,XRP,3.0872106726905346,11518598907.612103,183080844696.39935
2025-08-16 00:00:00,XRP,3.0773729481839958,6586597945.239845,182823893074.88736
2025-08-17 00:00:00,XRP,3.106969288649059,4207383821.7064447,184537083059.24762
2025-08-18 00:00:00,XRP,3.0953855433967075,3486012703.1641827,183971298108.38446
2025-08-19 00:00:00,XRP,3.060621197547626,7891993830.459589,181729332172.2824
2025-08-20 00:00:00,XRP,2.8587366392387112,6736297698.175642,170168406125.4961
2025-08-21 00:00:00,XRP,2.952309340790555,6872631153.732158,175556019984.77844
2025-08-22 00:00:00,XRP,2.8498230079250755,4464611989.418837,169235531134.4738
2025-08-23 00:00:00,XRP,3.0732747821154365,9726315601.629562,182799236672.46982
2025-08-24 00:00:00,XRP,3.0458254666203546,4525709190.859716,181178670544.90762
2025-08-25 00:00:00,XRP,3.02786808477519,6158205320.189804,180309158636.47443
2025-08-26 00:00:00,XRP,2.862667277824852,6677411739.169651,170267483807.62628
2025-08-27 00:00:00,XRP,3.011834539503525,6168659352.468927,179142732347.83713
2025-08-28 00:00:00,XRP,2.9671217194399038,6346605091.344013,176555745920.97995
2025-08-29 00:00:00,XRP,2.9671844322262273,5916089545.532232,176531083059.73718
2025-08-30 00:00:00,XRP,2.823231531748928,7414077139.444236,167986912659.00635
2025-08-31 00:00:00,XRP,2.8166293700860887,3135065485.865118,167506975112.97137
2025-09-01 00:00:00,XRP,2.776712609891609,3175920948.223113,165199510162.63672
2025-09-02 00:00:00,XRP,2.752094842681695,8149612555.21553,163668082549.3002
2025-09-03 00:00:00,XRP,2.861352340590463,7818514399.960052,170017343347.65512
2025-09-04 00:00:00,XRP,2.8440111306765328,4282592689.81749,169148418099.79056
2025-09-05 00:00:00,XRP,2.797620314598713,4435280469.053911,166553893839.9241
2025-09-06 00:00:00,XRP,2.8160947139230124,6440056634.093668,167868172838.93118
2025-09-07 00:00:00,XRP,2.8106516044524614,1710108502.3145711,167555913519.96588
2025-09-08 00:00:00,XRP,2.881098102223723,3758634219.2118864,171783435959.93152
2025-09-09 00:00:00,XRP,2.9693752178894965,5571309023.778589,176863943138.69135
2025-09-10 00:00:00,XRP,2.94711316566773,5779762469.172943,175645238418.85535
2025-09-11 00:00:00,XRP,2.9831115371091697,4348729235.861674,177831215415.68866
2025-09-12 00:00:00,XRP,3.042189592870322,5399056673.396303,181478948408.56073
2025-09-13 00:00:00,XRP,3.1075619727179338,6431002504.182876,185122997953.71664
2025-09-14 00:00:00,XRP,3.1226735093963653,4890402318.793293,186140756995.41547
2025-09-15 00:00:00,XRP,3.0312637323512215,4717722674.640647,180683294841.68112
2025-09-16 00:00:00,XRP,2.9940861270543375,5703362169.728064,178831483523.20224
2025-09-17 00:00:00,XRP,3.0381334165695297,4418021933.675096,181512759461.20248
2025-09-18 00:00:00,XRP,3.083983468328553,5960257002.7788515,184265198058.23386
2025-09-19 00:00:00,XRP,3.0778034182571985,6283622329.630611,183975908931.03992
2025-09-20 00:00:00,XRP,2.9911678094786853,4614169289.07877,178756914408.9819
2025-09-21 00:00:00,XRP,2.9767316725840836,2852138270.2347507,177890344746.8318
2025-09-22 00:00:00,XRP,2.9733496913212485,2935908283.6015553,177826889948.96225
2025-09-23 00:00:00,XRP,2.851139194678168,9546312187.865196,170400585443.59097
2025-09-24 00:00:00,XRP,2.8290556379505225,5177734080.177338,169113142027.29474
2025-09-25 00:00:00,XRP,2.9285889681239876,6006921588.575711,175079571412.7056
2025-09-26 00:00:00,XRP,2.7391226387021668,8829708798.423235,163792649388.02155
2025-09-27 00:00:00,XRP,2.78626651562758,7841983939.971406,166695488560.7967
2025-09-28 00:00:00,XRP,2.8077761197607156,2726728376.6703687,168030941532.4935
2025-09-29 00:00:00,XRP,2.864956739306865,3125937768.2534404,171433471696.45447
2025-09-30 00:00:00,XRP,2.8820677870561946,4981231689.068481,172468504580.63516
2025-10-01 00:00:00,XRP,2.844933401817261,4802588407.507577,170189095368.76358
2025-10-02 00:00:00,XRP,2.94479751207665,6110060192.870197,176324742080.3806
2025-10-03 00:00:00,XRP,3.0371524340279654,6959329544.208,181705214116.74432
2025-10-04 00:00:00,XRP,3.0413663901904453,6731126091.339507,182195760385.72156
2025-10-05 00:00:00,XRP,2.9697246277119143,3974053735.7335005,177802651636.65665
2025-10-06 00:00:00,XRP,2.970720012302302,5225328731.739178,177860837843.72095
2025-10-07 00:00:00,XRP,2.991602626695257,6276385267.7441635,179189076600.90665
2025-10-08 00:00:00,XRP,2.857057632365177,6973553770.362803,171064100928.10922
2025-10-09 00:00:00,XRP,2.8805684212620997,4524504225.602123,172611406399.91275
2025-10-10 00:00:00,XRP,2.8050759101908103,5321345626.7661,167947986078.64722
2025-10-11 00:00:00,XRP,2.3838350726730484,14527451740.654482,142892067212.53018
2025-10-12 00:00:00,XRP,2.3859045362580757,10663249600.83191,142954842575.22836
2025-10-13 00:00:00,XRP,2.5312630934147733,9631722980.003696,151364418493.13968
2025-10-14 00:00:00,XRP,2.60498951616126,8245602245.568772,156133172903.8652
2025-10-15 00:00:00,XRP,2.5061812994119887,7790438551.147718,150211264226.71503
2025-10-16 00:00:00,XRP,2.4107851679488945,5113981094.090992,144461490595.82288
2025-10-17 00:00:00,XRP,2.3252186675017006,6480091801.452607,139315952355.05777
2025-10-18 00:00:00,XRP,2.2957327819062083,7138067279.422384,137766791771.10846
2025-10-19 00:00:00,XRP,2.3596315316088416,2539623709.4048047,141516215270.95477
2025-10-20 00:00:00,XRP,2.389625527633369,2947463809.1071744,143296898584.39374
2025-10-21 00:00:00,XRP,2.490117031449711,4217817684.335096,149320563020.78088
2025-10-22 00:00:00,XRP,2.4235930180546776,4700479126.340988,145324368852.07394
2025-10-23 00:00:00,XRP,2.3631248548137456,4117803198.46909,141709247798.4505
2025-10-24 00:00:00,XRP,2.3942046738111324,2805206365.048355,143681621080.8351
2025-10-25 00:00:00,XRP,2.504825180033832,3957219500.7677765,150337039547.91202
2025-10-26 00:00:00,XRP,2.593725390920985,3476558122.062582,155824923528.57858
2025-10-27 00:00:00,XRP,2.645881508384711,3352897036.201619,158916439662.16824
2025-10-28 00:00:00,XRP,2.6352743169545323,4581419643.337282,158223409570.23694
2025-10-29 00:00:00,XRP,2.607884184498703,5077371785.758396,156523824436.52097
2025-10-30 00:00:00,XRP,2.5521455809931615,4668881978.998613,153190098651.65286
2025-10-31 00:00:00,XRP,2.4373365011802233,5582711994.939218,146186020714.36652
2025-11-01 00:00:00,XRP,2.5081131316915473,4396874744.250804,150800414241.36542
2025-11-02 00:00:00,XRP,2.504613534721328,1724358349.2869337,150534562819.6467
2025-11-03 00:00:00,XRP,2.527623366103904,2165286881.620203,151787404806.75775
2025-11-04 00:00:00,XRP,2.3075208080429306,5863736751.851877,138661849487.4611
2025-11-05 00:00:00,XRP,2.2139228610122434,9099211476.071411,133053897681.95323
2025-11-06 00:00:00,XRP,2.3468300424460398,6437838342.036748,141129798148.7578
2025-11-07 00:00:00,XRP,2.2091841302505792,5338941722.061663,132782422867.40593
2025-11-08 00:00:00,XRP,2.315839328722371,5583858447.572006,139260973653.4914
2025-11-09 00:00:00,XRP,2.2848817063829197,2951176618.7135286,137331703405.30908
2025-11-10 00:00:00,XRP,2.366057070769261,2983765683.3379188,142067317205.8971
2025-11-11 00:00:00,XRP,2.5281078242198647,5957396504.577135,151974237122.3631
2025-11-12 00:00:00,XRP,2.390172266260892,4127451459.3106093,143727663286.9794
2025-11-13 00:00:00,XRP,2.3832389457846697,4420961765.056469,143186972759.59644
2025-11-14 00:00:00,XRP,2.331388577331738,7201868744.560643,140562989006.31635
2025-11-15 00:00:00,XRP,2.2488473348561304,6710968069.827529,135721912859.52069
2025-11-16 00:00:00,XRP,2.235455773730874,2804052321.7763157,134518071270.12082
2025-11-17 00:00:00,XRP,2.218219988506596,4122565537.6581736,133486160752.61365
2025-11-18 00:00:00,XRP,2.160590388035999,5961092428.323819,129949048741.95013
2025-11-19 00:00:00,XRP,2.2139034771189343,5619054259.061808,133117730031.55574
2025-11-20 00:00:00,XRP,2.1066834909527383,6046696552.094389,126853721222.81535
2025-11-21 00:00:00,XRP,2.0000407183731164,6586717744.018607,120853150852.96416
2025-11-22 00:00:00,XRP,1.950091461265794,8745429497.04679,117518467990.35646
2025-11-23 00:00:00,XRP,1.9508235490170465,2948690879.784788,117596582268.50671
2025-11-24 00:00:00,XRP,2.0449210167731326,4002055288.7035675,123296237500.01303
2025-11-25 00:00:00,XRP,2.2241484224164743,6557948088.8720255,134156981164.09805
2025-11-26 00:00:00,XRP,2.1989437346568153,4893770222.936652,132509142343.04514
2025-11-27 00:00:00,XRP,2.224254821804325,3864980774.471227,134157655674.29039
2025-11-28 00:00:00,XRP,2.201122232723185,2726085217.202768,132789858572.43163
2025-11-29 00:00:00,XRP,2.180631384763347,4166261166.887878,131563297865.29353
2025-11-30 00:00:00,XRP,2.2028096835323647,2086873493.9106789,132904309840.30942
2025-12-01 00:00:00,XRP,2.1652461437750383,1875297052.0970683,130773769054.38704
2025-12-02 00:00:00,XRP,2.0310598795228767,5252157088.012026,122590637081.77548
2025-12-03 00:00:00,XRP,2.1570887957334866,4354900493.8598795,130265478729.2633
2025-12-04 00:00:00,XRP,2.203321627854195,3877677225.490404,132937642111.7655
2025-12-05 00:00:00,XRP,2.0971829811461946,3381495523.1338873,126486491841.91081
2025-12-06 00:00:00,XRP,2.0358303092663843,3202740426.102295,122781280853.37723
2025-12-07 00:00:00,XRP,2.0326777775330633,1741973347.7825954,122577456923.27518
2025-12-08 00:00:00,XRP,2.039660348972326,2814174580.1857,123040998729.40932
2025-12-09 00:00:00,XRP,2.073039044939783,2946868587.6762276,125066913714.14474
2025-12-10 00:00:00,XRP,2.1094322825594976,3532804844.2841587,127322196940.53752
2025-12-11 00:00:00,XRP,2.0443398468981213,3816532715.773637,123493871175.6185
2025-12-12 00:00:00,XRP,2.036028301991718,3619433671.922628,122945482685.17928
2025-12-13 00:00:00,XRP,2.009806618706698,2573443943.1024375,121271367985.15312
2025-12-14 00:00:00,XRP,2.0236207828673027,1638329045.9617126,122081658806.46567
2025-12-15 00:00:00,XRP,1.9808608019799367,1662227235.9201374,119696831895.82625
2025-12-16 00:00:00,XRP,1.8967832092786066,3359008503.2404523,114709077203.17761
2025-12-17 00:00:00,XRP,1.92957963013441,3005631457.533856,116635881218.18115
2025-12-18 00:00:00,XRP,1.8617053529191656,3390182058.284411,112627063671.41014
2025-12-19 00:00:00,XRP,1.8076154274178682,3612274082.3282104,109302270096.60616
2025-12-20 00:00:00,XRP,1.9061295130778346,3828265033.4697814,115440151450.5477
2025-12-21 00:00:00,XRP,1.9319648860420446,1932779389.3783448,117001210129.14806
2025-12-22 00:00:00,XRP,1.9229550458561633,2382840270.575519,116507654772.39102
2025-12-23 00:00:00,XRP,1.9022227646374048,2651446686.9901094,115209591340.63138
2025-12-24 00:00:00,XRP,1.8732711631167218,2189849525.070096,113540049924.98172
2025-12-25 00:00:00,XRP,1.8619926573243448,1861506176.4159274,112759823021.59952
2025-12-26 00:00:00,XRP,1.8316249623782512,1493330838.0513897,110961112657.54439
2025-12-27 00:00:00,XRP,1.8429652913700634,2209256420.990584,111590253884.79008
2025-12-28 00:00:00,XRP,1.8733931841347928,1072203696.9962319,113432868120.26703
2025-12-29 00:00:00,XRP,1.8645585666057287,1051639406.5507206,112943419117.96327
2025-12-30 00:00:00,XRP,1.8475397987365316,2154437316.704437,111915660113.13713
2025-12-31 00:00:00,XRP,1.875100431832473,1770784550.6482005,113760103518.08258
2026-01-01 00:00:00,XRP,1.839340516228945,1986683249.2510095,111584107850.57034
2026-01-02 00:00:00,XRP,1.876580133618003,1320741185.2758563,113862299868.79008
2026-01-03 00:00:00,XRP,2.0067430670680815,3943913978.3811316,121857970095.58598
2026-01-04 00:00:00,XRP,2.0175062731579767,2137653321.6922295,122417798650.40025
2026-01-05 00:00:00,XRP,2.090232038436175,3491447473.346127,126829332926.84306
2026-01-06 00:00:00,XRP,2.357096532639873,6981059724.119276,143217645894.35986
2026-01-07 00:00:00,XRP,2.306181895074802,7718903451.343482,139893355179.23517
2026-01-08 00:00:00,XRP,2.1647432080023226,3933188250.085719,131342647579.56671
2026-01-09 00:00:00,XRP,2.1251717689023337,5270459509.983097,128890902402.58136
2026-01-10 00:00:00,XRP,2.0927673320195863,3580881033.552049,127046182295.17743
2026-01-11 00:00:00,XRP,2.088652195195928,1185425135.648107,126788332730.89705
2026-01-12 00:00:00,XRP,2.0697438242842803,1698438506.3349962,125631699720.31146
2026-01-13 00:00:00,XRP,2.0521552957803872,3538073080.2306595,124566610364.54211
2026-01-14 00:00:00,XRP,2.1573149435015675,4469146045.532499,130871637991.65312
2026-01-15 00:00:00,XRP,2.139155616612297,4627908270.133213,129865391288.69981
2026-01-16 00:00:00,XRP,2.077452437224596,3301259184.691072,126091557245.72693
2026-01-17 00:00:00,XRP,2.068150596847967,2273798787.6626887,125743867931.1332
2026-01-18 00:00:00,XRP,2.0617458056300615,1404494407.9135468,125335465140.71304
2026-01-19 00:00:00,XRP,1.9952673135379637,1781139047.8049212,121358650247.96336
2026-01-20 00:00:00,XRP,1.9884649839518649,4484499454.551772,120903244308.55229
2026-01-21 00:00:00,XRP,1.8875376220238804,3560105108.4704037,114737701418.28467
2026-01-22 00:00:00,XRP,1.9437698220745168,4373543601.388078,118174939473.1962
2026-01-23 00:00:00,XRP,1.9204225104332826,2482726665.808774,116745867275.0725
2026-01-24 00:00:00,XRP,1.9194180431938297,2457868832.677946,116806714475.3337
2026-01-25 00:00:00,XRP,1.9133958344258726,968018842.4258535,116446105795.45094
2026-01-26 00:00:00,XRP,1.8327098897122869,2684312944.636563,111546255615.77956
2026-01-27 00:00:00,XRP,1.9041128051204959,3018423074.1581607,115887503699.2417
2026-01-28 00:00:00,XRP,1.9156777360466681,2185133793.3887277,116574716597.83336
2026-01-29 00:00:00,XRP,1.9072302990012404,2284142099.392457,116052628994.01955
2026-01-30 00:00:00,XRP,1.8050831186611875,4578118341.550557,109849188044.60716
2026-01-31 00:00:00,XRP,1.7327720854202893,4982772913.271413,105432128839.02545
2026-02-01 00:00:00,XRP,1.6436658882901531,6100029928.638935,99939565671.385
2026-02-02 00:00:00,XRP,1.5944442621009838,4426810243.522153,97028843949.16516
2026-02-03 00:00:00,XRP,1.6206030260795774,4890476934.988525,98619699555.84525
2026-02-04 00:00:00,XRP,1.5725414380096223,3968540367.482821,95712683975.12364
2026-02-05 00:00:00,XRP,1.5170558553904752,4489356873.050525,92410244673.49962
2026-02-06 00:00:00,XRP,1.2161107578407648,12032460868.66745,74627934932.95325
2026-02-07 00:00:00,XRP,1.4690800575209597,11254054037.410126,89768174961.8917
2026-02-08 00:00:00,XRP,1.4252152762524186,5106195923.952623,86823610818.37268
2026-02-09 00:00:00,XRP,1.4349694710334944,2648330090.8088403,87440675892.7328
2026-02-10 00:00:00,XRP,1.4388979885580568,4073940624.5347195,87665589709.96698
2026-02-11 00:00:00,XRP,1.3997611232740155,2324945353.6559896,85271701641.28693
2026-02-12 00:00:00,XRP,1.3675262189821478,3267070270.14133,83298868779.79366
2026-02-13 00:00:00,XRP,1.3613529875277222,2433891203.566312,82929969245.25221
2026-02-14 00:00:00,XRP,1.4061247435646491,2463087587.718372,85650029662.1184
2026-02-15 00:00:00,XRP,1.5088776181920487,2484156385.1423483,91976917572.85744
2026-02-16 00:00:00,XRP,1.4735483047448346,5459731414.60024,89761800847.37251
2026-02-17 00:00:00,XRP,1.4879010843885696,2965693648.4731107,90610720943.03679
2026-02-18 00:00:00,XRP,1.474786700621986,2267375192.2888126,89834881630.14792
2026-02-19 00:00:00,XRP,1.419520653358989,2113377621.8072953,86399241397.57886
2026-02-20 00:00:00,XRP,1.4067574969758219,2332530531.095171,85850017342.566
2026-02-21 00:00:00,XRP,1.4287023447803144,2681151957.2500496,87127134985.29282
2026-02-22 00:00:00,XRP,1.432313132610905,1396583496.313539,87411395033.64127
2026-02-23 00:00:00,XRP,1.3904201045692706,1531030572.2430108,84804267353.87541
2026-02-24 00:00:00,XRP,1.3519972818018684,3468618376.423911,82526476193.37524
2026-02-25 00:00:00,XRP,1.3492712150693866,2746681234.937062,82332540593.89131
2026-02-26 00:00:00,XRP,1.4311778592275557,4839052372.244184,87170656589.21913
2026-02-27 00:00:00,XRP,1.4022343325428501,3252541993.376597,85538873929.22694
2026-02-28 00:00:00,XRP,1.3556513092141123,3165932989.5660076,82808396104.64316
2026-03-01 00:00:00,XRP,1.3793327963811741,3931422570.7456903,84262604898.69641
2026-03-02 00:00:00,XRP,1.3508353496044245,3267559226.436247,82518608292.31767
2026-03-03 00:00:00,XRP,1.3932878761648186,3240402573.5866785,85165748421.79579
2026-03-04 00:00:00,XRP,1.36103107458941,2736394718.367275,83177383072.09982
2026-03-05 00:00:00,XRP,1.4304937640772049,4321077863.174976,87391300642.45819
2026-03-06 00:00:00,XRP,1.4033263588998717,2611958630.379754,85837269777.23315
2026-03-07 00:00:00,XRP,1.3637239392731317,2304975519.6121907,83497860867.32414
2026-03-08 00:00:00,XRP,1.3564715576357889,1042569286.7491976,83045360925.16869
2026-03-09 00:00:00,XRP,1.3422132871181114,1770535715.7507033,82191986490.96655
2026-03-10 00:00:00,XRP,1.3620867880412773,2706872342.1086836,83420913725.49211
2026-03-11 00:00:00,XRP,1.3859389773180206,3336499530.7341127,84868343013.62126
2026-03-12 00:00:00,XRP,1.3852855424426591,2328024070.527004,84824110149.1156
2026-03-13 00:00:00,XRP,1.3856854223967114,1901864324.6307883,84850665655.61424
2026-03-14 00:00:00,XRP,1.3984883653785558,3377254710.7986135,85618459862.1861
2026-03-15 00:00:00,XRP,1.4060409016406614,1211608279.280466,86036778580.07281
2026-03-16 00:00:00,XRP,1.4471445690623825,1990572080.7015047,88605526347.89265
2026-03-17 00:00:00,XRP,1.544548518991867,4188142909.627089,94585455614.46468
2026-03-18 00:00:00,XRP,1.518809913744032,4451986671.333548,92990449113.53355
2026-03-19 00:00:00,XRP,1.4635648455182177,2914165815.4583664,89592778375.17401
2026-03-20 00:00:00,XRP,1.446907508513138,2614487500.7637186,88659694188.07056
2026-03-21 00:00:00,XRP,1.4455066711696298,1850800037.9701636,88646559782.86374
2026-03-22 00:00:00,XRP,1.4126521263383205,1181985491.4199317,86940224871.74287
2026-03-23 00:00:00,XRP,1.3856763547929614,1917059983.475361,85003739202.53421
2026-03-24 00:00:00,XRP,1.4312128220885731,3597476600.392,87747652207.63853
2026-03-25 00:00:00,XRP,1.4149642928635169,2134212729.4908762,86814706503.00735
2026-03-26 00:00:00,XRP,1.4133478378773114,1907967929.5448515,86689929456.57607
2026-03-27 00:00:00,XRP,1.3599141754843338,2543069231.3828793,83382836627.83237
2026-03-28 00:00:00,XRP,1.3241937088535796,2474305616.775446,81208204456.41394
2026-03-29 00:00:00,XRP,1.332280277660629,1218522172.0424392,81728179076.75484
2026-03-30 00:00:00,XRP,1.3269176580896753,1350497126.623672,81399211411.3436
2026-03-31 00:00:00,XRP,1.3222432322146085,1857994740.4050136,81124053187.77298
2026-04-01 00:00:00,XRP,1.3396108818298649,2010449383.345137,82220833777.49088
2026-04-02 00:00:00,XRP,1.3481928710117392,1907712869.5860956,82786500101.54463
2026-04-03 00:00:00,XRP,1.319127673601835,2547686158.6710787,80994024817.14325
2026-04-04 00:00:00,XRP,1.3177591466741263,1366929242.3922527,80932878683.90056
2026-04-05 00:00:00,XRP,1.314946138144583,922295626.815209,80718975209.79355
2026-04-06 00:00:00,XRP,1.3246057207688182,1493537853.3997192,81339347299.81769
2026-04-07 00:00:00,XRP,1.3208458204759403,2022856059.1621466,81119881405.69434
2026-04-08 00:00:00,XRP,1.3795235137228608,2344351092.249236,84708522165.9529
2026-04-09 00:00:00,XRP,1.3427145062635897,2578622137.447636,82449126175.14423
2026-04-10 00:00:00,XRP,1.3440328831163328,2507108882.2227283,82532083755.5244
2026-04-11 00:00:00,XRP,1.3560947005357682,2110555826.2342126,83304017566.26328
2026-04-12 00:00:00,XRP,1.3553281609092545,1568086741.3886056,83225262811.3884
2026-04-13 00:00:00,XRP,1.3249812807309078,1736307268.9235272,81375805431.99823
2026-04-14 00:00:00,XRP,1.3762741402442993,2573453681.7247047,84515744397.96951
2026-04-15 00:00:00,XRP,1.3621563908811436,2585999128.315747,83643937463.76628
2026-04-16 00:00:00,XRP,1.3919181738522768,2861264883.7402062,85681242844.2964
2026-04-16 16:08:37,XRP,1.4325883754771456,3769242752.9125576,88172016830.41916
